社員番号	氏名	日付	出勤時刻	退勤時刻
1001	佐藤 太郎	2026-04-01	09:21	19:32
1002	鈴木 美咲	2026-04-01	08:58	18:20
1003	高橋 優	2026-04-01	08:56	19:48
1004	田中 直樹	2026-04-01	09:03	19:13
1005	伊藤 結衣	2026-04-01	08:55	19:35
1006	渡辺 蓮	2026-04-01	09:26	19:56
1007	山本 玲奈	2026-04-01	09:19	19:18
1008	中村 花子	2026-04-01	09:27	17:43
1009	小林 翼	2026-04-01	09:02	17:33
1010	加藤 陽菜	2026-04-01	09:32	19:32
1011	吉田 彩	2026-04-01	09:19	18:56
1012	山口 海斗	2026-04-01	08:54	19:44
1013	松本 蒼	2026-04-01	09:05	18:47
1014	井上 拓海	2026-04-01	09:30	17:39
1015	木村 健	2026-04-01	09:13	17:51
1016	林 翔	2026-04-01	09:25	18:08
1017	清水 大輔	2026-04-01	08:43	18:14
1018	山崎 悠	2026-04-01	09:21	17:33
1019	森 葵	2026-04-01	08:49	18:58
1020	池田 愛	2026-04-01	09:16	19:16
1021	佐藤 太郎	2026-04-01	09:08	19:29
1022	鈴木 美咲	2026-04-01	09:03	18:10
1023	高橋 優	2026-04-01	08:51	19:33
1024	田中 直樹	2026-04-01	09:13	17:45
1025	伊藤 結衣	2026-04-01	08:50	18:23
1026	渡辺 蓮	2026-04-01	09:11	19:52
1027	山本 玲奈	2026-04-01	09:01	17:44
1028	中村 花子	2026-04-01	09:20	17:59
1029	小林 翼	2026-04-01	09:30	19:52
1030	加藤 陽菜	2026-04-01	08:45	18:46
1031	吉田 彩	2026-04-01	08:58	19:41
1032	山口 海斗	2026-04-01	08:41	18:42
1033	松本 蒼	2026-04-01	09:29	19:32
1034	井上 拓海	2026-04-01	09:23	16:59
1035	木村 健	2026-04-01	09:03	18:18
1036	林 翔	2026-04-01	09:19	17:54
1037	清水 大輔	2026-04-01	09:07	19:15
1038	山崎 悠	2026-04-01	09:27	17:30
1039	森 葵	2026-04-01	09:34	19:00
1040	池田 愛	2026-04-01	09:19	18:18
1041	佐藤 太郎	2026-04-01	08:52	18:54
1042	鈴木 美咲	2026-04-01	09:32	17:46
1043	高橋 優	2026-04-01	08:42	18:16
1044	田中 直樹	2026-04-01	08:45	18:45
1045	伊藤 結衣	2026-04-01	09:09	19:32
1046	渡辺 蓮	2026-04-01	09:18	19:04
1047	山本 玲奈	2026-04-01	08:41	19:35
1048	中村 花子	2026-04-01	09:14	19:29
1049	小林 翼	2026-04-01	09:07	18:47
1050	加藤 陽菜	2026-04-01	09:12	18:08
1051	吉田 彩	2026-04-01	09:01	19:55
1052	山口 海斗	2026-04-01	08:54	18:01
1053	松本 蒼	2026-04-01	09:19	17:50
1054	井上 拓海	2026-04-01	09:00	18:48
1055	木村 健	2026-04-01	08:46	19:12
1056	林 翔	2026-04-01	09:03	18:22
1057	清水 大輔	2026-04-01	09:14	17:35
1058	山崎 悠	2026-04-01	09:08	17:42
1059	森 葵	2026-04-01	09:13	19:23
1060	池田 愛	2026-04-01	08:54	18:41
1061	佐藤 太郎	2026-04-01	08:52	17:54
1062	鈴木 美咲	2026-04-01	09:14	19:23
1063	高橋 優	2026-04-01	09:20	19:38
1064	田中 直樹	2026-04-01	09:24	18:18
1065	伊藤 結衣	2026-04-01	09:02	18:31
1066	渡辺 蓮	2026-04-01	09:26	18:52
1067	山本 玲奈	2026-04-01	09:04	19:30
1068	中村 花子	2026-04-01	08:55	17:48
1069	小林 翼	2026-04-01	09:26	17:42
1070	加藤 陽菜	2026-04-01	09:20	18:03
1071	吉田 彩	2026-04-01	09:18	19:35
1072	山口 海斗	2026-04-01	09:08	17:56
1073	松本 蒼	2026-04-01	08:48	18:48
1074	井上 拓海	2026-04-01	09:34	19:34
1075	木村 健	2026-04-01	09:24	18:54
1076	林 翔	2026-04-01	09:14	19:07
1077	清水 大輔	2026-04-01	09:19	17:46
1078	山崎 悠	2026-04-01	09:03	19:33
1079	森 葵	2026-04-01	09:31	19:34
1080	池田 愛	2026-04-01	09:31	18:26
1081	佐藤 太郎	2026-04-01	09:26	19:52
1082	鈴木 美咲	2026-04-01	08:54	18:59
1083	高橋 優	2026-04-01	09:24	18:45
1084	田中 直樹	2026-04-01	09:28	19:13
1085	伊藤 結衣	2026-04-01	09:06	16:55
1086	渡辺 蓮	2026-04-01	08:47	19:44
1087	山本 玲奈	2026-04-01	08:42	17:44
1088	中村 花子	2026-04-01	08:55	18:37
1089	小林 翼	2026-04-01	08:47	18:09
1090	加藤 陽菜	2026-04-01	08:59	19:51
1091	吉田 彩	2026-04-01	09:16	19:20
1092	山口 海斗	2026-04-01	08:56	18:40
1093	松本 蒼	2026-04-01	09:33	18:14
1094	井上 拓海	2026-04-01	09:28	19:26
1095	木村 健	2026-04-01	08:47	17:51
1096	林 翔	2026-04-01	09:30	19:48
1097	清水 大輔	2026-04-01	09:23	18:08
1098	山崎 悠	2026-04-01	09:28	17:35
1099	森 葵	2026-04-01	08:41	19:46
1100	池田 愛	2026-04-01	09:01	17:30
1001	佐藤 太郎	2026-04-02	08:45	16:51
1002	鈴木 美咲	2026-04-02	09:23	17:54
1003	高橋 優	2026-04-02	09:33	18:08
1004	田中 直樹	2026-04-02	09:15	18:43
1005	伊藤 結衣	2026-04-02	09:21	17:41
1006	渡辺 蓮	2026-04-02	09:17	18:01
1007	山本 玲奈	2026-04-02	08:49	18:54
1008	中村 花子	2026-04-02	08:57	18:21
1009	小林 翼	2026-04-02	08:56	18:19
1010	加藤 陽菜	2026-04-02	09:12	19:27
1011	吉田 彩	2026-04-02	08:44	19:20
1012	山口 海斗	2026-04-02	09:07	19:10
1013	松本 蒼	2026-04-02	09:23	20:00
1014	井上 拓海	2026-04-02	09:01	19:21
1015	木村 健	2026-04-02	08:50	17:47
1016	林 翔	2026-04-02	09:23	19:20
1017	清水 大輔	2026-04-02	09:29	18:06
1018	山崎 悠	2026-04-02	09:11	19:40
1019	森 葵	2026-04-02	09:04	18:54
1020	池田 愛	2026-04-02	08:57	18:55
1021	佐藤 太郎	2026-04-02	09:35	17:48
1022	鈴木 美咲	2026-04-02	09:06	17:37
1023	高橋 優	2026-04-02	09:15	17:33
1024	田中 直樹	2026-04-02	08:40	18:17
1025	伊藤 結衣	2026-04-02	09:25	19:34
1026	渡辺 蓮	2026-04-02	08:41	18:48
1027	山本 玲奈	2026-04-02	09:32	19:33
1028	中村 花子	2026-04-02	09:35	19:36
1029	小林 翼	2026-04-02	09:06	19:47
1030	加藤 陽菜	2026-04-02	09:04	18:52
1031	吉田 彩	2026-04-02	09:15	16:52
1032	山口 海斗	2026-04-02	08:40	16:55
1033	松本 蒼	2026-04-02	09:29	19:38
1034	井上 拓海	2026-04-02	08:54	19:47
1035	木村 健	2026-04-02	09:35	19:50
1036	林 翔	2026-04-02	09:15	18:40
1037	清水 大輔	2026-04-02	09:32	18:02
1038	山崎 悠	2026-04-02	09:25	19:34
1039	森 葵	2026-04-02	09:28	19:37
1040	池田 愛	2026-04-02	09:08	19:35
1041	佐藤 太郎	2026-04-02	09:19	19:08
1042	鈴木 美咲	2026-04-02	09:27	19:33
1043	高橋 優	2026-04-02	08:57	18:30
1044	田中 直樹	2026-04-02	09:09	19:42
1045	伊藤 結衣	2026-04-02	09:11	19:07
1046	渡辺 蓮	2026-04-02	09:22	18:22
1047	山本 玲奈	2026-04-02	08:57	19:45
1048	中村 花子	2026-04-02	08:49	17:43
1049	小林 翼	2026-04-02	09:33	17:58
1050	加藤 陽菜	2026-04-02	09:06	19:53
1051	吉田 彩	2026-04-02	09:05	18:26
1052	山口 海斗	2026-04-02	09:23	18:49
1053	松本 蒼	2026-04-02	09:09	18:36
1054	井上 拓海	2026-04-02	09:11	17:39
1055	木村 健	2026-04-02	08:42	19:51
1056	林 翔	2026-04-02	09:11	17:31
1057	清水 大輔	2026-04-02	09:29	18:34
1058	山崎 悠	2026-04-02	08:57	20:00
1059	森 葵	2026-04-02	09:14	19:49
1060	池田 愛	2026-04-02	09:11	19:07
1061	佐藤 太郎	2026-04-02	09:31	19:48
1062	鈴木 美咲	2026-04-02	09:22	17:54
1063	高橋 優	2026-04-02	08:55	19:31
1064	田中 直樹	2026-04-02	09:34	19:17
1065	伊藤 結衣	2026-04-02	08:42	19:59
1066	渡辺 蓮	2026-04-02	09:04	19:46
1067	山本 玲奈	2026-04-02	08:45	19:40
1068	中村 花子	2026-04-02	09:25	18:42
1069	小林 翼	2026-04-02	09:03	18:32
1070	加藤 陽菜	2026-04-02	09:27	17:55
1071	吉田 彩	2026-04-02	08:53	18:25
1072	山口 海斗	2026-04-02	08:44	19:33
1073	松本 蒼	2026-04-02	09:31	17:44
1074	井上 拓海	2026-04-02	09:11	17:45
1075	木村 健	2026-04-02	08:49	18:00
1076	林 翔	2026-04-02	08:42	17:58
1077	清水 大輔	2026-04-02	09:02	19:08
1078	山崎 悠	2026-04-02	09:08	19:51
1079	森 葵	2026-04-02	08:40	19:42
1080	池田 愛	2026-04-02	08:47	18:45
1081	佐藤 太郎	2026-04-02	09:25	19:55
1082	鈴木 美咲	2026-04-02	09:09	18:43
1083	高橋 優	2026-04-02	08:52	18:29
1084	田中 直樹	2026-04-02	09:15	19:35
1085	伊藤 結衣	2026-04-02	09:01	17:48
1086	渡辺 蓮	2026-04-02	09:09	19:26
1087	山本 玲奈	2026-04-02	08:50	18:04
1088	中村 花子	2026-04-02	09:26	19:52
1089	小林 翼	2026-04-02	09:25	16:41
1090	加藤 陽菜	2026-04-02	08:54	18:40
1091	吉田 彩	2026-04-02	09:20	19:45
1092	山口 海斗	2026-04-02	08:49	18:19
1093	松本 蒼	2026-04-02	08:46	17:46
1094	井上 拓海	2026-04-02	08:44	17:54
1095	木村 健	2026-04-02	09:22	18:17
1096	林 翔	2026-04-02	08:59	19:54
1097	清水 大輔	2026-04-02	08:44	18:11
1098	山崎 悠	2026-04-02	08:41	19:48
1099	森 葵	2026-04-02	08:54	17:39
1100	池田 愛	2026-04-02	08:47	17:42
1001	佐藤 太郎	2026-04-03	08:58	19:07
1002	鈴木 美咲	2026-04-03	09:10	19:03
1003	高橋 優	2026-04-03	08:57	19:13
1004	田中 直樹	2026-04-03	08:55	19:13
1005	伊藤 結衣	2026-04-03	09:26	17:44
1006	渡辺 蓮	2026-04-03	09:08	18:37
1007	山本 玲奈	2026-04-03	09:34	18:03
1008	中村 花子	2026-04-03	08:47	19:35
1009	小林 翼	2026-04-03	09:22	18:16
1010	加藤 陽菜	2026-04-03	08:44	19:01
1011	吉田 彩	2026-04-03	09:01	17:32
1012	山口 海斗	2026-04-03	08:57	17:46
1013	松本 蒼	2026-04-03	09:08	18:23
1014	井上 拓海	2026-04-03	09:08	18:31
1015	木村 健	2026-04-03	09:30	19:43
1016	林 翔	2026-04-03	08:55	19:24
1017	清水 大輔	2026-04-03	09:17	18:32
1018	山崎 悠	2026-04-03	09:12	19:43
1019	森 葵	2026-04-03	09:20	18:28
1020	池田 愛	2026-04-03	08:50	19:40
1021	佐藤 太郎	2026-04-03	08:47	19:21
1022	鈴木 美咲	2026-04-03	08:55	19:20
1023	高橋 優	2026-04-03	09:11	19:44
1024	田中 直樹	2026-04-03	08:49	16:43
1025	伊藤 結衣	2026-04-03	08:59	17:49
1026	渡辺 蓮	2026-04-03	09:04	18:19
1027	山本 玲奈	2026-04-03	09:13	18:18
1028	中村 花子	2026-04-03	09:29	18:47
1029	小林 翼	2026-04-03	09:05	18:50
1030	加藤 陽菜	2026-04-03	09:19	19:55
1031	吉田 彩	2026-04-03	08:53	19:28
1032	山口 海斗	2026-04-03	08:46	18:12
1033	松本 蒼	2026-04-03	09:20	16:59
1034	井上 拓海	2026-04-03	08:50	19:33
1035	木村 健	2026-04-03	09:15	19:40
1036	林 翔	2026-04-03	08:41	17:31
1037	清水 大輔	2026-04-03	09:17	19:48
1038	山崎 悠	2026-04-03	09:17	18:22
1039	森 葵	2026-04-03	08:54	18:27
1040	池田 愛	2026-04-03	08:50	18:15
1041	佐藤 太郎	2026-04-03	09:25	18:27
1042	鈴木 美咲	2026-04-03	09:31	17:38
1043	高橋 優	2026-04-03	09:15	18:00
1044	田中 直樹	2026-04-03	09:34	19:50
1045	伊藤 結衣	2026-04-03	09:27	18:31
1046	渡辺 蓮	2026-04-03	09:26	17:41
1047	山本 玲奈	2026-04-03	09:13	19:15
1048	中村 花子	2026-04-03	09:30	19:50
1049	小林 翼	2026-04-03	09:20	19:51
1050	加藤 陽菜	2026-04-03	08:53	19:49
1051	吉田 彩	2026-04-03	09:20	19:37
1052	山口 海斗	2026-04-03	09:22	17:48
1053	松本 蒼	2026-04-03	09:19	18:22
1054	井上 拓海	2026-04-03	09:34	17:48
1055	木村 健	2026-04-03	09:10	17:50
1056	林 翔	2026-04-03	09:27	19:08
1057	清水 大輔	2026-04-03	09:07	18:51
1058	山崎 悠	2026-04-03	09:26	19:36
1059	森 葵	2026-04-03	09:18	19:20
1060	池田 愛	2026-04-03	09:30	18:12
1061	佐藤 太郎	2026-04-03	09:14	19:07
1062	鈴木 美咲	2026-04-03	08:52	18:25
1063	高橋 優	2026-04-03	08:56	18:33
1064	田中 直樹	2026-04-03	08:50	17:45
1065	伊藤 結衣	2026-04-03	08:51	19:43
1066	渡辺 蓮	2026-04-03	09:23	19:14
1067	山本 玲奈	2026-04-03	09:32	19:53
1068	中村 花子	2026-04-03	09:08	18:48
1069	小林 翼	2026-04-03	09:06	16:40
1070	加藤 陽菜	2026-04-03	09:14	18:44
1071	吉田 彩	2026-04-03	08:47	18:29
1072	山口 海斗	2026-04-03	08:48	16:46
1073	松本 蒼	2026-04-03	09:32	19:30
1074	井上 拓海	2026-04-03	08:42	18:11
1075	木村 健	2026-04-03	08:48	19:53
1076	林 翔	2026-04-03	08:53	17:47
1077	清水 大輔	2026-04-03	09:12	17:38
1078	山崎 悠	2026-04-03	08:41	18:27
1079	森 葵	2026-04-03	08:55	19:45
1080	池田 愛	2026-04-03	08:40	18:28
1081	佐藤 太郎	2026-04-03	09:34	18:00
1082	鈴木 美咲	2026-04-03	08:40	17:58
1083	高橋 優	2026-04-03	08:54	18:36
1084	田中 直樹	2026-04-03	09:12	18:27
1085	伊藤 結衣	2026-04-03	08:55	18:12
1086	渡辺 蓮	2026-04-03	08:45	18:58
1087	山本 玲奈	2026-04-03	09:11	19:46
1088	中村 花子	2026-04-03	09:20	17:31
1089	小林 翼	2026-04-03	09:14	17:30
1090	加藤 陽菜	2026-04-03	09:04	18:24
1091	吉田 彩	2026-04-03	09:27	18:36
1092	山口 海斗	2026-04-03	08:43	18:12
1093	松本 蒼	2026-04-03	09:03	18:02
1094	井上 拓海	2026-04-03	08:53	18:48
1095	木村 健	2026-04-03	08:54	18:00
1096	林 翔	2026-04-03	08:46	18:25
1097	清水 大輔	2026-04-03	09:00	17:33
1098	山崎 悠	2026-04-03	08:54	18:44
1099	森 葵	2026-04-03	09:30	19:56
1100	池田 愛	2026-04-03	09:20	18:03
1001	佐藤 太郎	2026-04-06	09:32	17:59
1002	鈴木 美咲	2026-04-06	09:05	18:51
1003	高橋 優	2026-04-06	09:23	19:28
1004	田中 直樹	2026-04-06	09:31	18:29
1005	伊藤 結衣	2026-04-06	08:45	18:55
1006	渡辺 蓮	2026-04-06	09:12	19:46
1007	山本 玲奈	2026-04-06	08:49	17:41
1008	中村 花子	2026-04-06	09:32	17:33
1009	小林 翼	2026-04-06	08:55	17:47
1010	加藤 陽菜	2026-04-06	08:44	19:48
1011	吉田 彩	2026-04-06	09:30	17:39
1012	山口 海斗	2026-04-06	09:13	18:00
1013	松本 蒼	2026-04-06	08:59	19:10
1014	井上 拓海	2026-04-06	09:21	18:14
1015	木村 健	2026-04-06	09:04	19:06
1016	林 翔	2026-04-06	09:30	19:04
1017	清水 大輔	2026-04-06	09:16	19:50
1018	山崎 悠	2026-04-06	09:30	19:20
1019	森 葵	2026-04-06	08:56	19:02
1020	池田 愛	2026-04-06	09:24	19:29
1021	佐藤 太郎	2026-04-06	08:53	18:32
1022	鈴木 美咲	2026-04-06	09:10	18:21
1023	高橋 優	2026-04-06	09:20	20:00
1024	田中 直樹	2026-04-06	09:02	18:39
1025	伊藤 結衣	2026-04-06	09:05	18:49
1026	渡辺 蓮	2026-04-06	09:11	17:48
1027	山本 玲奈	2026-04-06	09:28	17:51
1028	中村 花子	2026-04-06	09:23	17:35
1029	小林 翼	2026-04-06	09:34	18:58
1030	加藤 陽菜	2026-04-06	09:30	18:28
1031	吉田 彩	2026-04-06	08:55	18:59
1032	山口 海斗	2026-04-06	09:34	19:51
1033	松本 蒼	2026-04-06	08:58	18:07
1034	井上 拓海	2026-04-06	08:44	16:33
1035	木村 健	2026-04-06	08:48	18:22
1036	林 翔	2026-04-06	09:19	19:16
1037	清水 大輔	2026-04-06	09:30	19:04
1038	山崎 悠	2026-04-06	09:08	18:04
1039	森 葵	2026-04-06	08:56	17:30
1040	池田 愛	2026-04-06	08:50	17:48
1041	佐藤 太郎	2026-04-06	09:21	19:18
1042	鈴木 美咲	2026-04-06	09:22	19:49
1043	高橋 優	2026-04-06	09:34	19:09
1044	田中 直樹	2026-04-06	09:27	18:19
1045	伊藤 結衣	2026-04-06	08:50	19:23
1046	渡辺 蓮	2026-04-06	09:08	18:27
1047	山本 玲奈	2026-04-06	08:44	19:40
1048	中村 花子	2026-04-06	09:11	18:04
1049	小林 翼	2026-04-06	09:25	17:52
1050	加藤 陽菜	2026-04-06	08:49	19:26
1051	吉田 彩	2026-04-06	08:46	19:24
1052	山口 海斗	2026-04-06	09:01	18:17
1053	松本 蒼	2026-04-06	08:43	19:25
1054	井上 拓海	2026-04-06	08:50	18:57
1055	木村 健	2026-04-06	09:20	19:38
1056	林 翔	2026-04-06	08:48	19:45
1057	清水 大輔	2026-04-06	09:02	17:31
1058	山崎 悠	2026-04-06	08:58	19:13
1059	森 葵	2026-04-06	09:19	18:47
1060	池田 愛	2026-04-06	09:13	17:54
1061	佐藤 太郎	2026-04-06	09:20	17:43
1062	鈴木 美咲	2026-04-06	09:14	19:25
1063	高橋 優	2026-04-06	09:07	18:25
1064	田中 直樹	2026-04-06	08:47	17:43
1065	伊藤 結衣	2026-04-06	09:02	18:58
1066	渡辺 蓮	2026-04-06	09:04	19:30
1067	山本 玲奈	2026-04-06	09:34	18:45
1068	中村 花子	2026-04-06	09:09	17:57
1069	小林 翼	2026-04-06	09:02	17:43
1070	加藤 陽菜	2026-04-06	09:03	18:22
1071	吉田 彩	2026-04-06	09:23	18:15
1072	山口 海斗	2026-04-06	09:12	18:51
1073	松本 蒼	2026-04-06	09:19	19:24
1074	井上 拓海	2026-04-06	09:31	19:15
1075	木村 健	2026-04-06	09:00	19:09
1076	林 翔	2026-04-06	09:20	18:39
1077	清水 大輔	2026-04-06	09:07	18:53
1078	山崎 悠	2026-04-06	09:33	18:37
1079	森 葵	2026-04-06	08:54	19:51
1080	池田 愛	2026-04-06	08:51	18:09
1081	佐藤 太郎	2026-04-06	09:30	16:36
1082	鈴木 美咲	2026-04-06	09:17	18:13
1083	高橋 優	2026-04-06	09:10	18:24
1084	田中 直樹	2026-04-06	09:07	18:50
1085	伊藤 結衣	2026-04-06	09:00	18:49
1086	渡辺 蓮	2026-04-06	08:57	18:01
1087	山本 玲奈	2026-04-06	09:27	19:56
1088	中村 花子	2026-04-06	09:12	17:53
1089	小林 翼	2026-04-06	09:31	18:47
1090	加藤 陽菜	2026-04-06	08:50	19:08
1091	吉田 彩	2026-04-06	09:06	18:40
1092	山口 海斗	2026-04-06	08:56	19:03
1093	松本 蒼	2026-04-06	09:08	19:20
1094	井上 拓海	2026-04-06	09:34	19:31
1095	木村 健	2026-04-06	09:28	19:33
1096	林 翔	2026-04-06	09:08	17:38
1097	清水 大輔	2026-04-06	09:31	18:43
1098	山崎 悠	2026-04-06	08:53	19:47
1099	森 葵	2026-04-06	09:10	19:21
1100	池田 愛	2026-04-06	09:09	18:12
1001	佐藤 太郎	2026-04-07	09:04	18:58
1002	鈴木 美咲	2026-04-07	08:54	18:21
1003	高橋 優	2026-04-07	09:04	18:09
1004	田中 直樹	2026-04-07	09:24	19:13
1005	伊藤 結衣	2026-04-07	09:06	19:57
1006	渡辺 蓮	2026-04-07	09:20	19:52
1007	山本 玲奈	2026-04-07	09:09	18:53
1008	中村 花子	2026-04-07	08:40	18:45
1009	小林 翼	2026-04-07	09:29	19:24
1010	加藤 陽菜	2026-04-07	09:26	16:53
1011	吉田 彩	2026-04-07	09:08	19:17
1012	山口 海斗	2026-04-07	09:20	18:40
1013	松本 蒼	2026-04-07	09:34	18:27
1014	井上 拓海	2026-04-07	08:51	19:57
1015	木村 健	2026-04-07	08:40	19:46
1016	林 翔	2026-04-07	09:33	18:02
1017	清水 大輔	2026-04-07	09:10	17:31
1018	山崎 悠	2026-04-07	08:59	18:19
1019	森 葵	2026-04-07	09:22	19:57
1020	池田 愛	2026-04-07	09:02	17:53
1021	佐藤 太郎	2026-04-07	09:00	17:59
1022	鈴木 美咲	2026-04-07	09:05	17:46
1023	高橋 優	2026-04-07	08:58	19:02
1024	田中 直樹	2026-04-07	08:55	18:53
1025	伊藤 結衣	2026-04-07	09:10	19:45
1026	渡辺 蓮	2026-04-07	09:18	19:22
1027	山本 玲奈	2026-04-07	09:20	19:04
1028	中村 花子	2026-04-07	09:27	19:47
1029	小林 翼	2026-04-07	09:23	17:52
1030	加藤 陽菜	2026-04-07	08:56	17:36
1031	吉田 彩	2026-04-07	09:31	19:17
1032	山口 海斗	2026-04-07	09:35	18:25
1033	松本 蒼	2026-04-07	09:09	18:28
1034	井上 拓海	2026-04-07	08:42	17:37
1035	木村 健	2026-04-07	08:58	17:38
1036	林 翔	2026-04-07	09:04	19:39
1037	清水 大輔	2026-04-07	08:51	19:54
1038	山崎 悠	2026-04-07	08:55	19:51
1039	森 葵	2026-04-07	08:52	19:01
1040	池田 愛	2026-04-07	08:59	17:36
1041	佐藤 太郎	2026-04-07	09:07	19:29
1042	鈴木 美咲	2026-04-07	08:52	19:42
1043	高橋 優	2026-04-07	09:03	18:53
1044	田中 直樹	2026-04-07	08:44	19:17
1045	伊藤 結衣	2026-04-07	09:17	17:35
1046	渡辺 蓮	2026-04-07	09:30	17:50
1047	山本 玲奈	2026-04-07	09:27	18:29
1048	中村 花子	2026-04-07	09:09	19:58
1049	小林 翼	2026-04-07	08:40	18:09
1050	加藤 陽菜	2026-04-07	08:42	19:50
1051	吉田 彩	2026-04-07	08:40	18:13
1052	山口 海斗	2026-04-07	09:30	18:08
1053	松本 蒼	2026-04-07	09:14	19:34
1054	井上 拓海	2026-04-07	09:13	17:42
1055	木村 健	2026-04-07	08:58	19:39
1056	林 翔	2026-04-07	09:09	19:53
1057	清水 大輔	2026-04-07	09:13	18:53
1058	山崎 悠	2026-04-07	09:17	17:52
1059	森 葵	2026-04-07	09:00	19:20
1060	池田 愛	2026-04-07	09:34	18:53
1061	佐藤 太郎	2026-04-07	08:49	19:21
1062	鈴木 美咲	2026-04-07	08:46	18:51
1063	高橋 優	2026-04-07	08:43	18:08
1064	田中 直樹	2026-04-07	09:19	19:52
1065	伊藤 結衣	2026-04-07	08:54	19:17
1066	渡辺 蓮	2026-04-07	09:09	19:01
1067	山本 玲奈	2026-04-07	09:24	17:55
1068	中村 花子	2026-04-07	09:16	17:32
1069	小林 翼	2026-04-07	09:06	17:31
1070	加藤 陽菜	2026-04-07	09:33	18:52
1071	吉田 彩	2026-04-07	08:57	19:28
1072	山口 海斗	2026-04-07	09:01	19:34
1073	松本 蒼	2026-04-07	08:50	16:38
1074	井上 拓海	2026-04-07	09:17	19:17
1075	木村 健	2026-04-07	09:04	18:44
1076	林 翔	2026-04-07	09:24	17:33
1077	清水 大輔	2026-04-07	09:00	17:49
1078	山崎 悠	2026-04-07	09:33	19:58
1079	森 葵	2026-04-07	09:04	19:37
1080	池田 愛	2026-04-07	09:12	19:33
1081	佐藤 太郎	2026-04-07	08:40	18:01
1082	鈴木 美咲	2026-04-07	08:44	18:40
1083	高橋 優	2026-04-07	09:11	19:05
1084	田中 直樹	2026-04-07	09:28	17:49
1085	伊藤 結衣	2026-04-07	08:44	18:48
1086	渡辺 蓮	2026-04-07	09:20	19:02
1087	山本 玲奈	2026-04-07	09:17	17:58
1088	中村 花子	2026-04-07	08:49	19:58
1089	小林 翼	2026-04-07	09:07	19:34
1090	加藤 陽菜	2026-04-07	09:28	17:51
1091	吉田 彩	2026-04-07	08:57	19:17
1092	山口 海斗	2026-04-07	09:20	18:51
1093	松本 蒼	2026-04-07	08:52	19:42
1094	井上 拓海	2026-04-07	08:48	17:33
1095	木村 健	2026-04-07	09:13	17:42
1096	林 翔	2026-04-07	09:16	18:22
1097	清水 大輔	2026-04-07	09:02	18:33
1098	山崎 悠	2026-04-07	08:45	17:33
1099	森 葵	2026-04-07	08:55	19:30
1100	池田 愛	2026-04-07	09:27	19:02
1001	佐藤 太郎	2026-04-08	09:05	16:47
1002	鈴木 美咲	2026-04-08	08:50	18:54
1003	高橋 優	2026-04-08	09:27	19:37
1004	田中 直樹	2026-04-08	09:24	19:07
1005	伊藤 結衣	2026-04-08	09:28	18:01
1006	渡辺 蓮	2026-04-08	08:54	16:43
1007	山本 玲奈	2026-04-08	09:05	17:51
1008	中村 花子	2026-04-08	09:02	19:46
1009	小林 翼	2026-04-08	09:07	17:46
1010	加藤 陽菜	2026-04-08	09:04	16:45
1011	吉田 彩	2026-04-08	08:57	18:56
1012	山口 海斗	2026-04-08	09:28	17:32
1013	松本 蒼	2026-04-08	09:30	18:02
1014	井上 拓海	2026-04-08	08:54	19:39
1015	木村 健	2026-04-08	08:47	19:25
1016	林 翔	2026-04-08	08:56	18:34
1017	清水 大輔	2026-04-08	08:48	18:31
1018	山崎 悠	2026-04-08	09:35	17:55
1019	森 葵	2026-04-08	08:50	19:39
1020	池田 愛	2026-04-08	09:29	19:55
1021	佐藤 太郎	2026-04-08	09:16	17:53
1022	鈴木 美咲	2026-04-08	09:03	19:46
1023	高橋 優	2026-04-08	09:05	17:54
1024	田中 直樹	2026-04-08	09:23	19:05
1025	伊藤 結衣	2026-04-08	08:52	18:27
1026	渡辺 蓮	2026-04-08	09:09	19:29
1027	山本 玲奈	2026-04-08	08:43	19:25
1028	中村 花子	2026-04-08	09:18	19:21
1029	小林 翼	2026-04-08	09:18	18:00
1030	加藤 陽菜	2026-04-08	08:50	16:58
1031	吉田 彩	2026-04-08	09:23	19:09
1032	山口 海斗	2026-04-08	09:35	17:51
1033	松本 蒼	2026-04-08	08:48	18:58
1034	井上 拓海	2026-04-08	09:09	19:02
1035	木村 健	2026-04-08	09:29	18:28
1036	林 翔	2026-04-08	08:43	18:08
1037	清水 大輔	2026-04-08	08:46	18:36
1038	山崎 悠	2026-04-08	08:47	18:53
1039	森 葵	2026-04-08	08:57	18:32
1040	池田 愛	2026-04-08	08:51	17:35
1041	佐藤 太郎	2026-04-08	08:54	17:56
1042	鈴木 美咲	2026-04-08	09:02	18:18
1043	高橋 優	2026-04-08	09:32	19:21
1044	田中 直樹	2026-04-08	09:33	17:52
1045	伊藤 結衣	2026-04-08	08:40	18:38
1046	渡辺 蓮	2026-04-08	09:24	18:52
1047	山本 玲奈	2026-04-08	09:21	19:08
1048	中村 花子	2026-04-08	09:21	18:57
1049	小林 翼	2026-04-08	08:41	19:21
1050	加藤 陽菜	2026-04-08	08:59	19:33
1051	吉田 彩	2026-04-08	09:30	19:21
1052	山口 海斗	2026-04-08	08:55	18:18
1053	松本 蒼	2026-04-08	09:08	18:36
1054	井上 拓海	2026-04-08	09:00	17:36
1055	木村 健	2026-04-08	08:42	17:49
1056	林 翔	2026-04-08	09:19	18:08
1057	清水 大輔	2026-04-08	09:27	18:38
1058	山崎 悠	2026-04-08	09:15	18:49
1059	森 葵	2026-04-08	09:30	19:49
1060	池田 愛	2026-04-08	09:27	17:36
1061	佐藤 太郎	2026-04-08	09:01	18:12
1062	鈴木 美咲	2026-04-08	09:26	17:37
1063	高橋 優	2026-04-08	09:32	19:05
1064	田中 直樹	2026-04-08	09:18	19:32
1065	伊藤 結衣	2026-04-08	08:45	19:33
1066	渡辺 蓮	2026-04-08	09:20	18:13
1067	山本 玲奈	2026-04-08	08:53	19:02
1068	中村 花子	2026-04-08	09:13	17:35
1069	小林 翼	2026-04-08	08:45	19:23
1070	加藤 陽菜	2026-04-08	09:21	19:27
1071	吉田 彩	2026-04-08	08:41	19:20
1072	山口 海斗	2026-04-08	09:21	17:38
1073	松本 蒼	2026-04-08	09:33	18:21
1074	井上 拓海	2026-04-08	09:09	19:36
1075	木村 健	2026-04-08	09:32	17:54
1076	林 翔	2026-04-08	09:15	18:31
1077	清水 大輔	2026-04-08	09:11	19:58
1078	山崎 悠	2026-04-08	09:35	19:26
1079	森 葵	2026-04-08	09:06	19:37
1080	池田 愛	2026-04-08	08:59	19:51
1081	佐藤 太郎	2026-04-08	09:30	17:54
1082	鈴木 美咲	2026-04-08	09:12	19:58
1083	高橋 優	2026-04-08	09:28	19:45
1084	田中 直樹	2026-04-08	09:25	18:35
1085	伊藤 結衣	2026-04-08	09:33	17:45
1086	渡辺 蓮	2026-04-08	08:42	18:39
1087	山本 玲奈	2026-04-08	09:23	18:33
1088	中村 花子	2026-04-08	09:08	18:07
1089	小林 翼	2026-04-08	09:10	16:51
1090	加藤 陽菜	2026-04-08	09:07	18:24
1091	吉田 彩	2026-04-08	09:15	17:34
1092	山口 海斗	2026-04-08	09:11	19:58
1093	松本 蒼	2026-04-08	08:40	18:30
1094	井上 拓海	2026-04-08	09:07	18:17
1095	木村 健	2026-04-08	09:17	18:00
1096	林 翔	2026-04-08	08:47	19:00
1097	清水 大輔	2026-04-08	08:45	19:03
1098	山崎 悠	2026-04-08	08:50	19:17
1099	森 葵	2026-04-08	09:22	19:43
1100	池田 愛	2026-04-08	09:31	18:21
1001	佐藤 太郎	2026-04-09	09:09	18:21
1002	鈴木 美咲	2026-04-09	09:26	19:04
1003	高橋 優	2026-04-09	09:27	19:09
1004	田中 直樹	2026-04-09	08:41	18:36
1005	伊藤 結衣	2026-04-09	08:43	19:27
1006	渡辺 蓮	2026-04-09	09:29	18:21
1007	山本 玲奈	2026-04-09	08:48	18:43
1008	中村 花子	2026-04-09	09:24	18:44
1009	小林 翼	2026-04-09	09:19	17:34
1010	加藤 陽菜	2026-04-09	09:05	18:23
1011	吉田 彩	2026-04-09	09:12	17:49
1012	山口 海斗	2026-04-09	09:25	18:42
1013	松本 蒼	2026-04-09	09:14	19:00
1014	井上 拓海	2026-04-09	09:02	18:58
1015	木村 健	2026-04-09	09:35	19:22
1016	林 翔	2026-04-09	08:46	19:12
1017	清水 大輔	2026-04-09	09:20	18:16
1018	山崎 悠	2026-04-09	09:26	18:10
1019	森 葵	2026-04-09	09:31	19:27
1020	池田 愛	2026-04-09	08:56	19:05
1021	佐藤 太郎	2026-04-09	09:05	17:45
1022	鈴木 美咲	2026-04-09	09:32	17:32
1023	高橋 優	2026-04-09	08:44	18:40
1024	田中 直樹	2026-04-09	08:53	19:58
1025	伊藤 結衣	2026-04-09	08:56	19:48
1026	渡辺 蓮	2026-04-09	09:30	18:34
1027	山本 玲奈	2026-04-09	09:07	19:19
1028	中村 花子	2026-04-09	09:07	19:23
1029	小林 翼	2026-04-09	09:02	19:30
1030	加藤 陽菜	2026-04-09	09:31	18:17
1031	吉田 彩	2026-04-09	09:08	17:35
1032	山口 海斗	2026-04-09	09:24	19:31
1033	松本 蒼	2026-04-09	08:40	18:13
1034	井上 拓海	2026-04-09	08:42	18:49
1035	木村 健	2026-04-09	09:23	18:27
1036	林 翔	2026-04-09	09:23	18:46
1037	清水 大輔	2026-04-09	09:35	19:14
1038	山崎 悠	2026-04-09	09:27	19:10
1039	森 葵	2026-04-09	09:19	18:43
1040	池田 愛	2026-04-09	08:55	17:59
1041	佐藤 太郎	2026-04-09	08:56	18:47
1042	鈴木 美咲	2026-04-09	09:24	19:30
1043	高橋 優	2026-04-09	09:19	19:14
1044	田中 直樹	2026-04-09	08:54	19:05
1045	伊藤 結衣	2026-04-09	09:09	17:52
1046	渡辺 蓮	2026-04-09	08:45	18:03
1047	山本 玲奈	2026-04-09	08:53	18:01
1048	中村 花子	2026-04-09	09:01	17:44
1049	小林 翼	2026-04-09	08:54	19:50
1050	加藤 陽菜	2026-04-09	08:49	19:54
1051	吉田 彩	2026-04-09	09:20	17:54
1052	山口 海斗	2026-04-09	09:11	19:31
1053	松本 蒼	2026-04-09	08:52	18:07
1054	井上 拓海	2026-04-09	09:33	18:43
1055	木村 健	2026-04-09	09:28	18:31
1056	林 翔	2026-04-09	09:06	18:20
1057	清水 大輔	2026-04-09	09:30	19:46
1058	山崎 悠	2026-04-09	09:15	19:17
1059	森 葵	2026-04-09	08:52	18:40
1060	池田 愛	2026-04-09	09:08	18:24
1061	佐藤 太郎	2026-04-09	08:51	19:04
1062	鈴木 美咲	2026-04-09	08:47	19:33
1063	高橋 優	2026-04-09	08:55	19:43
1064	田中 直樹	2026-04-09	09:08	19:51
1065	伊藤 結衣	2026-04-09	08:55	17:53
1066	渡辺 蓮	2026-04-09	09:01	16:57
1067	山本 玲奈	2026-04-09	08:41	18:32
1068	中村 花子	2026-04-09	08:54	19:42
1069	小林 翼	2026-04-09	09:20	19:44
1070	加藤 陽菜	2026-04-09	09:21	18:19
1071	吉田 彩	2026-04-09	08:41	18:11
1072	山口 海斗	2026-04-09	09:29	19:01
1073	松本 蒼	2026-04-09	09:11	19:19
1074	井上 拓海	2026-04-09	09:20	18:52
1075	木村 健	2026-04-09	08:44	18:38
1076	林 翔	2026-04-09	09:29	19:48
1077	清水 大輔	2026-04-09	09:19	19:56
1078	山崎 悠	2026-04-09	09:26	19:22
1079	森 葵	2026-04-09	08:41	18:53
1080	池田 愛	2026-04-09	09:16	17:37
1081	佐藤 太郎	2026-04-09	09:17	19:32
1082	鈴木 美咲	2026-04-09	08:45	18:32
1083	高橋 優	2026-04-09	09:14	19:28
1084	田中 直樹	2026-04-09	09:31	17:38
1085	伊藤 結衣	2026-04-09	09:31	16:35
1086	渡辺 蓮	2026-04-09	09:17	17:32
1087	山本 玲奈	2026-04-09	09:06	18:18
1088	中村 花子	2026-04-09	09:19	17:54
1089	小林 翼	2026-04-09	08:53	17:43
1090	加藤 陽菜	2026-04-09	09:18	17:36
1091	吉田 彩	2026-04-09	09:02	18:23
1092	山口 海斗	2026-04-09	09:26	18:54
1093	松本 蒼	2026-04-09	09:00	19:28
1094	井上 拓海	2026-04-09	09:29	18:14
1095	木村 健	2026-04-09	09:02	18:22
1096	林 翔	2026-04-09	08:52	18:15
1097	清水 大輔	2026-04-09	09:26	19:38
1098	山崎 悠	2026-04-09	09:11	19:21
1099	森 葵	2026-04-09	09:00	17:50
1100	池田 愛	2026-04-09	09:25	17:35
1001	佐藤 太郎	2026-04-10	09:08	19:22
1002	鈴木 美咲	2026-04-10	09:14	19:20
1003	高橋 優	2026-04-10	09:15	19:50
1004	田中 直樹	2026-04-10	09:34	18:40
1005	伊藤 結衣	2026-04-10	08:58	18:28
1006	渡辺 蓮	2026-04-10	09:24	19:42
1007	山本 玲奈	2026-04-10	08:47	17:37
1008	中村 花子	2026-04-10	08:46	18:21
1009	小林 翼	2026-04-10	09:18	18:11
1010	加藤 陽菜	2026-04-10	09:05	17:59
1011	吉田 彩	2026-04-10	08:51	17:49
1012	山口 海斗	2026-04-10	08:40	18:36
1013	松本 蒼	2026-04-10	09:24	17:49
1014	井上 拓海	2026-04-10	09:12	19:18
1015	木村 健	2026-04-10	09:01	19:39
1016	林 翔	2026-04-10	08:59	19:27
1017	清水 大輔	2026-04-10	09:33	18:59
1018	山崎 悠	2026-04-10	08:52	19:27
1019	森 葵	2026-04-10	09:28	19:19
1020	池田 愛	2026-04-10	08:44	18:56
1021	佐藤 太郎	2026-04-10	08:53	19:27
1022	鈴木 美咲	2026-04-10	09:15	17:32
1023	高橋 優	2026-04-10	08:53	18:41
1024	田中 直樹	2026-04-10	09:26	20:00
1025	伊藤 結衣	2026-04-10	09:21	19:50
1026	渡辺 蓮	2026-04-10	09:15	18:27
1027	山本 玲奈	2026-04-10	09:25	18:04
1028	中村 花子	2026-04-10	08:40	17:30
1029	小林 翼	2026-04-10	08:56	18:55
1030	加藤 陽菜	2026-04-10	09:30	19:50
1031	吉田 彩	2026-04-10	09:18	19:29
1032	山口 海斗	2026-04-10	09:22	19:28
1033	松本 蒼	2026-04-10	09:21	17:39
1034	井上 拓海	2026-04-10	08:58	18:42
1035	木村 健	2026-04-10	09:01	17:54
1036	林 翔	2026-04-10	09:16	18:52
1037	清水 大輔	2026-04-10	09:11	18:28
1038	山崎 悠	2026-04-10	08:50	17:34
1039	森 葵	2026-04-10	09:25	19:40
1040	池田 愛	2026-04-10	09:10	18:02
1041	佐藤 太郎	2026-04-10	08:55	19:48
1042	鈴木 美咲	2026-04-10	09:20	17:38
1043	高橋 優	2026-04-10	09:26	19:52
1044	田中 直樹	2026-04-10	08:41	17:47
1045	伊藤 結衣	2026-04-10	09:20	19:53
1046	渡辺 蓮	2026-04-10	09:27	19:19
1047	山本 玲奈	2026-04-10	08:40	19:04
1048	中村 花子	2026-04-10	08:58	18:41
1049	小林 翼	2026-04-10	09:06	18:04
1050	加藤 陽菜	2026-04-10	09:08	18:29
1051	吉田 彩	2026-04-10	09:28	18:56
1052	山口 海斗	2026-04-10	09:27	17:36
1053	松本 蒼	2026-04-10	09:18	19:31
1054	井上 拓海	2026-04-10	08:53	18:40
1055	木村 健	2026-04-10	08:55	19:50
1056	林 翔	2026-04-10	09:18	19:59
1057	清水 大輔	2026-04-10	09:01	17:51
1058	山崎 悠	2026-04-10	09:32	17:40
1059	森 葵	2026-04-10	09:06	19:40
1060	池田 愛	2026-04-10	09:08	18:05
1061	佐藤 太郎	2026-04-10	09:29	18:31
1062	鈴木 美咲	2026-04-10	09:08	17:47
1063	高橋 優	2026-04-10	09:24	19:00
1064	田中 直樹	2026-04-10	08:45	18:07
1065	伊藤 結衣	2026-04-10	08:44	19:34
1066	渡辺 蓮	2026-04-10	09:35	18:53
1067	山本 玲奈	2026-04-10	09:21	18:21
1068	中村 花子	2026-04-10	08:42	19:12
1069	小林 翼	2026-04-10	09:01	18:16
1070	加藤 陽菜	2026-04-10	08:59	17:34
1071	吉田 彩	2026-04-10	08:45	18:57
1072	山口 海斗	2026-04-10	09:04	18:50
1073	松本 蒼	2026-04-10	08:46	19:34
1074	井上 拓海	2026-04-10	09:00	19:51
1075	木村 健	2026-04-10	09:15	18:48
1076	林 翔	2026-04-10	08:53	17:30
1077	清水 大輔	2026-04-10	09:13	19:35
1078	山崎 悠	2026-04-10	09:02	19:04
1079	森 葵	2026-04-10	09:22	17:59
1080	池田 愛	2026-04-10	09:09	18:09
1081	佐藤 太郎	2026-04-10	09:13	18:55
1082	鈴木 美咲	2026-04-10	08:41	19:00
1083	高橋 優	2026-04-10	09:20	18:56
1084	田中 直樹	2026-04-10	09:26	17:42
1085	伊藤 結衣	2026-04-10	09:08	19:01
1086	渡辺 蓮	2026-04-10	09:34	17:58
1087	山本 玲奈	2026-04-10	08:49	17:59
1088	中村 花子	2026-04-10	09:34	19:58
1089	小林 翼	2026-04-10	09:11	16:40
1090	加藤 陽菜	2026-04-10	09:26	17:53
1091	吉田 彩	2026-04-10	09:15	19:58
1092	山口 海斗	2026-04-10	09:16	17:39
1093	松本 蒼	2026-04-10	09:33	18:20
1094	井上 拓海	2026-04-10	09:32	19:14
1095	木村 健	2026-04-10	09:31	18:05
1096	林 翔	2026-04-10	09:19	19:22
1097	清水 大輔	2026-04-10	08:56	17:41
1098	山崎 悠	2026-04-10	08:41	18:43
1099	森 葵	2026-04-10	08:59	17:55
1100	池田 愛	2026-04-10	09:18	19:46
1001	佐藤 太郎	2026-04-13	08:48	18:14
1002	鈴木 美咲	2026-04-13	09:33	19:51
1003	高橋 優	2026-04-13	08:51	18:30
1004	田中 直樹	2026-04-13	08:51	19:33
1005	伊藤 結衣	2026-04-13	08:54	17:55
1006	渡辺 蓮	2026-04-13	08:50	19:52
1007	山本 玲奈	2026-04-13	09:06	20:00
1008	中村 花子	2026-04-13	09:10	19:34
1009	小林 翼	2026-04-13	08:42	19:39
1010	加藤 陽菜	2026-04-13	09:16	18:29
1011	吉田 彩	2026-04-13	09:27	18:08
1012	山口 海斗	2026-04-13	09:13	19:24
1013	松本 蒼	2026-04-13	08:44	16:34
1014	井上 拓海	2026-04-13	09:34	18:57
1015	木村 健	2026-04-13	08:54	18:27
1016	林 翔	2026-04-13	09:23	18:45
1017	清水 大輔	2026-04-13	09:10	19:13
1018	山崎 悠	2026-04-13	08:54	17:44
1019	森 葵	2026-04-13	08:51	16:37
1020	池田 愛	2026-04-13	09:18	19:19
1021	佐藤 太郎	2026-04-13	08:58	19:00
1022	鈴木 美咲	2026-04-13	09:35	18:18
1023	高橋 優	2026-04-13	08:49	17:56
1024	田中 直樹	2026-04-13	08:54	19:39
1025	伊藤 結衣	2026-04-13	08:53	18:22
1026	渡辺 蓮	2026-04-13	09:19	19:24
1027	山本 玲奈	2026-04-13	09:24	19:43
1028	中村 花子	2026-04-13	08:48	17:33
1029	小林 翼	2026-04-13	08:57	17:46
1030	加藤 陽菜	2026-04-13	08:59	17:48
1031	吉田 彩	2026-04-13	09:32	18:17
1032	山口 海斗	2026-04-13	09:04	17:59
1033	松本 蒼	2026-04-13	08:52	19:03
1034	井上 拓海	2026-04-13	09:13	18:25
1035	木村 健	2026-04-13	09:00	19:27
1036	林 翔	2026-04-13	09:02	19:56
1037	清水 大輔	2026-04-13	08:51	18:46
1038	山崎 悠	2026-04-13	09:00	19:07
1039	森 葵	2026-04-13	09:06	17:50
1040	池田 愛	2026-04-13	09:09	19:59
1041	佐藤 太郎	2026-04-13	09:18	20:00
1042	鈴木 美咲	2026-04-13	08:56	18:31
1043	高橋 優	2026-04-13	09:01	19:24
1044	田中 直樹	2026-04-13	09:01	17:45
1045	伊藤 結衣	2026-04-13	09:31	19:24
1046	渡辺 蓮	2026-04-13	09:31	19:10
1047	山本 玲奈	2026-04-13	08:59	17:37
1048	中村 花子	2026-04-13	09:09	19:05
1049	小林 翼	2026-04-13	09:30	17:46
1050	加藤 陽菜	2026-04-13	09:32	17:59
1051	吉田 彩	2026-04-13	09:11	19:29
1052	山口 海斗	2026-04-13	08:47	18:47
1053	松本 蒼	2026-04-13	09:27	19:03
1054	井上 拓海	2026-04-13	08:55	19:05
1055	木村 健	2026-04-13	09:22	17:57
1056	林 翔	2026-04-13	09:25	18:40
1057	清水 大輔	2026-04-13	09:11	19:38
1058	山崎 悠	2026-04-13	09:21	19:06
1059	森 葵	2026-04-13	08:44	18:36
1060	池田 愛	2026-04-13	09:03	17:47
1061	佐藤 太郎	2026-04-13	09:32	19:23
1062	鈴木 美咲	2026-04-13	09:10	16:50
1063	高橋 優	2026-04-13	09:20	19:23
1064	田中 直樹	2026-04-13	09:27	19:56
1065	伊藤 結衣	2026-04-13	09:00	18:56
1066	渡辺 蓮	2026-04-13	08:47	19:23
1067	山本 玲奈	2026-04-13	09:34	19:59
1068	中村 花子	2026-04-13	09:01	18:44
1069	小林 翼	2026-04-13	09:34	19:23
1070	加藤 陽菜	2026-04-13	09:26	19:37
1071	吉田 彩	2026-04-13	09:09	19:15
1072	山口 海斗	2026-04-13	08:59	18:13
1073	松本 蒼	2026-04-13	09:02	19:16
1074	井上 拓海	2026-04-13	09:14	17:44
1075	木村 健	2026-04-13	09:32	19:20
1076	林 翔	2026-04-13	09:13	17:59
1077	清水 大輔	2026-04-13	09:27	17:57
1078	山崎 悠	2026-04-13	08:41	17:58
1079	森 葵	2026-04-13	09:19	18:55
1080	池田 愛	2026-04-13	09:10	19:53
1081	佐藤 太郎	2026-04-13	09:31	17:51
1082	鈴木 美咲	2026-04-13	09:33	18:02
1083	高橋 優	2026-04-13	08:44	19:46
1084	田中 直樹	2026-04-13	09:20	19:22
1085	伊藤 結衣	2026-04-13	08:55	17:33
1086	渡辺 蓮	2026-04-13	08:46	18:11
1087	山本 玲奈	2026-04-13	08:56	18:50
1088	中村 花子	2026-04-13	08:45	18:20
1089	小林 翼	2026-04-13	09:14	19:58
1090	加藤 陽菜	2026-04-13	09:06	17:30
1091	吉田 彩	2026-04-13	09:34	18:34
1092	山口 海斗	2026-04-13	09:21	19:11
1093	松本 蒼	2026-04-13	09:32	19:54
1094	井上 拓海	2026-04-13	08:49	17:42
1095	木村 健	2026-04-13	09:00	18:10
1096	林 翔	2026-04-13	09:22	18:55
1097	清水 大輔	2026-04-13	09:20	19:17
1098	山崎 悠	2026-04-13	09:15	17:35
1099	森 葵	2026-04-13	08:48	17:52
1100	池田 愛	2026-04-13	08:58	17:57
1001	佐藤 太郎	2026-04-14	08:48	18:25
1002	鈴木 美咲	2026-04-14	09:13	19:37
1003	高橋 優	2026-04-14	08:55	19:29
1004	田中 直樹	2026-04-14	09:15	18:29
1005	伊藤 結衣	2026-04-14	09:08	17:53
1006	渡辺 蓮	2026-04-14	08:43	19:27
1007	山本 玲奈	2026-04-14	09:35	19:25
1008	中村 花子	2026-04-14	09:25	18:17
1009	小林 翼	2026-04-14	08:46	16:34
1010	加藤 陽菜	2026-04-14	09:30	17:54
1011	吉田 彩	2026-04-14	09:29	18:28
1012	山口 海斗	2026-04-14	08:55	18:31
1013	松本 蒼	2026-04-14	09:09	18:54
1014	井上 拓海	2026-04-14	09:25	18:25
1015	木村 健	2026-04-14	09:31	18:49
1016	林 翔	2026-04-14	08:57	19:45
1017	清水 大輔	2026-04-14	09:32	19:15
1018	山崎 悠	2026-04-14	09:34	19:27
1019	森 葵	2026-04-14	09:14	18:26
1020	池田 愛	2026-04-14	09:28	17:40
1021	佐藤 太郎	2026-04-14	08:54	18:17
1022	鈴木 美咲	2026-04-14	09:32	18:36
1023	高橋 優	2026-04-14	08:54	19:37
1024	田中 直樹	2026-04-14	09:15	18:13
1025	伊藤 結衣	2026-04-14	09:07	19:43
1026	渡辺 蓮	2026-04-14	09:27	17:45
1027	山本 玲奈	2026-04-14	09:16	17:34
1028	中村 花子	2026-04-14	08:48	18:48
1029	小林 翼	2026-04-14	09:35	19:06
1030	加藤 陽菜	2026-04-14	09:27	17:49
1031	吉田 彩	2026-04-14	09:08	18:26
1032	山口 海斗	2026-04-14	09:03	17:47
1033	松本 蒼	2026-04-14	09:20	19:18
1034	井上 拓海	2026-04-14	08:49	17:55
1035	木村 健	2026-04-14	09:31	18:50
1036	林 翔	2026-04-14	09:30	17:54
1037	清水 大輔	2026-04-14	09:21	18:10
1038	山崎 悠	2026-04-14	09:14	19:26
1039	森 葵	2026-04-14	09:09	18:17
1040	池田 愛	2026-04-14	09:04	16:41
1041	佐藤 太郎	2026-04-14	09:31	16:58
1042	鈴木 美咲	2026-04-14	09:00	18:13
1043	高橋 優	2026-04-14	08:59	19:20
1044	田中 直樹	2026-04-14	08:42	19:33
1045	伊藤 結衣	2026-04-14	08:57	19:43
1046	渡辺 蓮	2026-04-14	08:45	17:50
1047	山本 玲奈	2026-04-14	08:48	17:48
1048	中村 花子	2026-04-14	08:46	16:51
1049	小林 翼	2026-04-14	09:18	19:24
1050	加藤 陽菜	2026-04-14	09:07	17:43
1051	吉田 彩	2026-04-14	09:31	17:53
1052	山口 海斗	2026-04-14	09:18	19:40
1053	松本 蒼	2026-04-14	08:44	20:00
1054	井上 拓海	2026-04-14	08:58	18:32
1055	木村 健	2026-04-14	08:57	18:46
1056	林 翔	2026-04-14	09:29	17:47
1057	清水 大輔	2026-04-14	09:29	18:01
1058	山崎 悠	2026-04-14	09:09	18:18
1059	森 葵	2026-04-14	09:08	19:50
1060	池田 愛	2026-04-14	09:10	17:53
1061	佐藤 太郎	2026-04-14	09:32	18:05
1062	鈴木 美咲	2026-04-14	09:26	18:41
1063	高橋 優	2026-04-14	09:05	18:56
1064	田中 直樹	2026-04-14	09:03	18:25
1065	伊藤 結衣	2026-04-14	08:58	17:37
1066	渡辺 蓮	2026-04-14	09:14	18:33
1067	山本 玲奈	2026-04-14	09:17	17:48
1068	中村 花子	2026-04-14	08:48	18:30
1069	小林 翼	2026-04-14	09:06	18:30
1070	加藤 陽菜	2026-04-14	09:12	19:44
1071	吉田 彩	2026-04-14	08:45	18:59
1072	山口 海斗	2026-04-14	09:09	19:51
1073	松本 蒼	2026-04-14	09:24	19:58
1074	井上 拓海	2026-04-14	09:29	18:25
1075	木村 健	2026-04-14	09:11	19:40
1076	林 翔	2026-04-14	09:34	19:51
1077	清水 大輔	2026-04-14	09:00	18:10
1078	山崎 悠	2026-04-14	09:25	18:46
1079	森 葵	2026-04-14	09:12	18:28
1080	池田 愛	2026-04-14	09:30	17:34
1081	佐藤 太郎	2026-04-14	08:57	19:12
1082	鈴木 美咲	2026-04-14	09:00	19:16
1083	高橋 優	2026-04-14	08:44	19:29
1084	田中 直樹	2026-04-14	08:54	18:44
1085	伊藤 結衣	2026-04-14	09:31	18:43
1086	渡辺 蓮	2026-04-14	09:01	18:17
1087	山本 玲奈	2026-04-14	09:30	19:10
1088	中村 花子	2026-04-14	09:17	18:13
1089	小林 翼	2026-04-14	09:00	18:56
1090	加藤 陽菜	2026-04-14	08:43	19:09
1091	吉田 彩	2026-04-14	09:01	19:26
1092	山口 海斗	2026-04-14	08:46	18:29
1093	松本 蒼	2026-04-14	09:15	18:33
1094	井上 拓海	2026-04-14	09:12	17:35
1095	木村 健	2026-04-14	08:41	19:34
1096	林 翔	2026-04-14	09:27	18:31
1097	清水 大輔	2026-04-14	09:05	19:54
1098	山崎 悠	2026-04-14	09:32	19:22
1099	森 葵	2026-04-14	09:09	18:19
1100	池田 愛	2026-04-14	09:20	19:43
1001	佐藤 太郎	2026-04-15	09:12	17:38
1002	鈴木 美咲	2026-04-15	09:02	19:39
1003	高橋 優	2026-04-15	09:30	17:57
1004	田中 直樹	2026-04-15	08:56	18:20
1005	伊藤 結衣	2026-04-15	09:31	18:49
1006	渡辺 蓮	2026-04-15	09:17	19:54
1007	山本 玲奈	2026-04-15	09:02	18:22
1008	中村 花子	2026-04-15	09:19	18:10
1009	小林 翼	2026-04-15	09:05	19:01
1010	加藤 陽菜	2026-04-15	09:09	19:37
1011	吉田 彩	2026-04-15	09:29	19:38
1012	山口 海斗	2026-04-15	09:33	19:05
1013	松本 蒼	2026-04-15	08:50	18:23
1014	井上 拓海	2026-04-15	09:21	17:32
1015	木村 健	2026-04-15	09:31	18:13
1016	林 翔	2026-04-15	08:50	19:27
1017	清水 大輔	2026-04-15	09:31	18:28
1018	山崎 悠	2026-04-15	09:09	18:15
1019	森 葵	2026-04-15	09:00	17:47
1020	池田 愛	2026-04-15	09:22	19:25
1021	佐藤 太郎	2026-04-15	09:34	19:08
1022	鈴木 美咲	2026-04-15	09:20	18:27
1023	高橋 優	2026-04-15	09:31	18:12
1024	田中 直樹	2026-04-15	09:14	18:16
1025	伊藤 結衣	2026-04-15	09:25	18:43
1026	渡辺 蓮	2026-04-15	09:13	18:09
1027	山本 玲奈	2026-04-15	09:11	18:59
1028	中村 花子	2026-04-15	09:18	19:48
1029	小林 翼	2026-04-15	08:40	17:55
1030	加藤 陽菜	2026-04-15	08:58	19:15
1031	吉田 彩	2026-04-15	08:40	17:37
1032	山口 海斗	2026-04-15	08:40	19:48
1033	松本 蒼	2026-04-15	09:23	18:20
1034	井上 拓海	2026-04-15	08:58	18:19
1035	木村 健	2026-04-15	08:49	19:42
1036	林 翔	2026-04-15	09:15	18:53
1037	清水 大輔	2026-04-15	08:59	18:43
1038	山崎 悠	2026-04-15	09:30	19:58
1039	森 葵	2026-04-15	08:42	18:53
1040	池田 愛	2026-04-15	09:26	17:48
1041	佐藤 太郎	2026-04-15	09:09	19:35
1042	鈴木 美咲	2026-04-15	09:22	17:54
1043	高橋 優	2026-04-15	09:09	16:46
1044	田中 直樹	2026-04-15	09:26	17:50
1045	伊藤 結衣	2026-04-15	09:31	16:50
1046	渡辺 蓮	2026-04-15	09:18	18:35
1047	山本 玲奈	2026-04-15	09:35	19:49
1048	中村 花子	2026-04-15	09:21	19:30
1049	小林 翼	2026-04-15	08:50	18:21
1050	加藤 陽菜	2026-04-15	08:53	17:35
1051	吉田 彩	2026-04-15	09:27	19:47
1052	山口 海斗	2026-04-15	09:03	19:20
1053	松本 蒼	2026-04-15	09:22	19:48
1054	井上 拓海	2026-04-15	09:16	18:22
1055	木村 健	2026-04-15	09:18	17:45
1056	林 翔	2026-04-15	08:52	17:39
1057	清水 大輔	2026-04-15	08:45	18:41
1058	山崎 悠	2026-04-15	08:56	17:46
1059	森 葵	2026-04-15	09:00	19:56
1060	池田 愛	2026-04-15	09:02	19:56
1061	佐藤 太郎	2026-04-15	09:17	18:02
1062	鈴木 美咲	2026-04-15	09:26	19:23
1063	高橋 優	2026-04-15	08:48	18:34
1064	田中 直樹	2026-04-15	09:06	16:57
1065	伊藤 結衣	2026-04-15	09:19	19:15
1066	渡辺 蓮	2026-04-15	08:46	19:50
1067	山本 玲奈	2026-04-15	09:00	19:15
1068	中村 花子	2026-04-15	09:07	18:20
1069	小林 翼	2026-04-15	09:17	19:37
1070	加藤 陽菜	2026-04-15	09:04	18:01
1071	吉田 彩	2026-04-15	08:43	17:58
1072	山口 海斗	2026-04-15	09:33	18:36
1073	松本 蒼	2026-04-15	08:59	19:25
1074	井上 拓海	2026-04-15	09:10	17:55
1075	木村 健	2026-04-15	09:17	18:48
1076	林 翔	2026-04-15	09:10	19:07
1077	清水 大輔	2026-04-15	08:49	18:29
1078	山崎 悠	2026-04-15	09:14	17:46
1079	森 葵	2026-04-15	09:20	18:56
1080	池田 愛	2026-04-15	09:10	19:29
1081	佐藤 太郎	2026-04-15	08:40	19:09
1082	鈴木 美咲	2026-04-15	08:42	19:08
1083	高橋 優	2026-04-15	09:15	19:17
1084	田中 直樹	2026-04-15	09:16	18:04
1085	伊藤 結衣	2026-04-15	09:07	19:21
1086	渡辺 蓮	2026-04-15	09:30	19:13
1087	山本 玲奈	2026-04-15	09:09	17:35
1088	中村 花子	2026-04-15	09:21	20:00
1089	小林 翼	2026-04-15	08:56	19:40
1090	加藤 陽菜	2026-04-15	09:15	19:04
1091	吉田 彩	2026-04-15	09:00	18:31
1092	山口 海斗	2026-04-15	09:28	19:28
1093	松本 蒼	2026-04-15	09:27	19:02
1094	井上 拓海	2026-04-15	08:45	18:22
1095	木村 健	2026-04-15	08:52	19:55
1096	林 翔	2026-04-15	09:24	19:21
1097	清水 大輔	2026-04-15	09:09	19:44
1098	山崎 悠	2026-04-15	09:31	19:19
1099	森 葵	2026-04-15	08:59	19:25
1100	池田 愛	2026-04-15	09:16	19:17
1001	佐藤 太郎	2026-04-16	09:02	18:23
1002	鈴木 美咲	2026-04-16	09:16	19:45
1003	高橋 優	2026-04-16	08:46	17:44
1004	田中 直樹	2026-04-16	08:40	18:31
1005	伊藤 結衣	2026-04-16	09:34	19:01
1006	渡辺 蓮	2026-04-16	08:56	18:11
1007	山本 玲奈	2026-04-16	08:45	19:45
1008	中村 花子	2026-04-16	09:33	17:35
1009	小林 翼	2026-04-16	09:21	19:39
1010	加藤 陽菜	2026-04-16	09:04	16:31
1011	吉田 彩	2026-04-16	08:56	17:53
1012	山口 海斗	2026-04-16	08:52	18:14
1013	松本 蒼	2026-04-16	09:15	18:09
1014	井上 拓海	2026-04-16	08:56	16:45
1015	木村 健	2026-04-16	09:03	18:40
1016	林 翔	2026-04-16	08:54	16:44
1017	清水 大輔	2026-04-16	09:08	16:47
1018	山崎 悠	2026-04-16	08:49	18:54
1019	森 葵	2026-04-16	09:11	18:15
1020	池田 愛	2026-04-16	08:53	19:20
1021	佐藤 太郎	2026-04-16	08:44	19:43
1022	鈴木 美咲	2026-04-16	09:04	17:48
1023	高橋 優	2026-04-16	09:07	18:33
1024	田中 直樹	2026-04-16	09:28	18:35
1025	伊藤 結衣	2026-04-16	08:46	18:51
1026	渡辺 蓮	2026-04-16	08:59	17:43
1027	山本 玲奈	2026-04-16	09:16	17:59
1028	中村 花子	2026-04-16	08:46	19:21
1029	小林 翼	2026-04-16	09:35	16:49
1030	加藤 陽菜	2026-04-16	08:52	19:21
1031	吉田 彩	2026-04-16	09:29	17:57
1032	山口 海斗	2026-04-16	09:08	19:20
1033	松本 蒼	2026-04-16	08:50	17:45
1034	井上 拓海	2026-04-16	09:15	19:49
1035	木村 健	2026-04-16	09:05	18:13
1036	林 翔	2026-04-16	08:48	19:35
1037	清水 大輔	2026-04-16	08:42	17:53
1038	山崎 悠	2026-04-16	09:35	19:07
1039	森 葵	2026-04-16	09:14	19:38
1040	池田 愛	2026-04-16	08:48	19:53
1041	佐藤 太郎	2026-04-16	09:04	19:19
1042	鈴木 美咲	2026-04-16	08:58	17:36
1043	高橋 優	2026-04-16	09:34	19:54
1044	田中 直樹	2026-04-16	09:29	18:16
1045	伊藤 結衣	2026-04-16	09:07	18:53
1046	渡辺 蓮	2026-04-16	09:32	19:03
1047	山本 玲奈	2026-04-16	08:56	19:01
1048	中村 花子	2026-04-16	08:56	18:39
1049	小林 翼	2026-04-16	09:02	17:55
1050	加藤 陽菜	2026-04-16	09:01	17:46
1051	吉田 彩	2026-04-16	08:48	18:00
1052	山口 海斗	2026-04-16	08:44	16:32
1053	松本 蒼	2026-04-16	09:22	16:48
1054	井上 拓海	2026-04-16	08:43	17:31
1055	木村 健	2026-04-16	09:19	18:06
1056	林 翔	2026-04-16	08:52	18:47
1057	清水 大輔	2026-04-16	08:55	19:52
1058	山崎 悠	2026-04-16	09:12	19:31
1059	森 葵	2026-04-16	09:08	17:50
1060	池田 愛	2026-04-16	08:41	18:20
1061	佐藤 太郎	2026-04-16	08:49	17:39
1062	鈴木 美咲	2026-04-16	09:18	17:51
1063	高橋 優	2026-04-16	09:00	19:44
1064	田中 直樹	2026-04-16	09:34	17:37
1065	伊藤 結衣	2026-04-16	09:29	19:12
1066	渡辺 蓮	2026-04-16	08:45	18:37
1067	山本 玲奈	2026-04-16	08:59	19:17
1068	中村 花子	2026-04-16	09:16	18:32
1069	小林 翼	2026-04-16	09:21	18:36
1070	加藤 陽菜	2026-04-16	09:09	18:23
1071	吉田 彩	2026-04-16	09:28	19:33
1072	山口 海斗	2026-04-16	09:07	18:12
1073	松本 蒼	2026-04-16	08:41	18:17
1074	井上 拓海	2026-04-16	08:57	19:23
1075	木村 健	2026-04-16	09:10	17:44
1076	林 翔	2026-04-16	08:56	18:03
1077	清水 大輔	2026-04-16	09:32	18:00
1078	山崎 悠	2026-04-16	08:55	17:52
1079	森 葵	2026-04-16	09:30	18:08
1080	池田 愛	2026-04-16	09:35	18:13
1081	佐藤 太郎	2026-04-16	09:05	18:41
1082	鈴木 美咲	2026-04-16	09:17	19:05
1083	高橋 優	2026-04-16	09:34	17:51
1084	田中 直樹	2026-04-16	08:46	17:46
1085	伊藤 結衣	2026-04-16	08:58	19:42
1086	渡辺 蓮	2026-04-16	08:59	19:22
1087	山本 玲奈	2026-04-16	08:41	19:09
1088	中村 花子	2026-04-16	08:41	19:07
1089	小林 翼	2026-04-16	09:12	19:14
1090	加藤 陽菜	2026-04-16	09:26	17:41
1091	吉田 彩	2026-04-16	09:26	17:42
1092	山口 海斗	2026-04-16	09:11	18:51
1093	松本 蒼	2026-04-16	09:06	19:51
1094	井上 拓海	2026-04-16	08:41	18:50
1095	木村 健	2026-04-16	08:40	18:51
1096	林 翔	2026-04-16	08:53	18:55
1097	清水 大輔	2026-04-16	08:47	18:00
1098	山崎 悠	2026-04-16	09:21	18:21
1099	森 葵	2026-04-16	09:13	17:36
1100	池田 愛	2026-04-16	09:33	17:30
1001	佐藤 太郎	2026-04-17	09:22	19:24
1002	鈴木 美咲	2026-04-17	09:34	19:39
1003	高橋 優	2026-04-17	08:51	17:42
1004	田中 直樹	2026-04-17	09:23	19:31
1005	伊藤 結衣	2026-04-17	08:41	19:30
1006	渡辺 蓮	2026-04-17	09:04	19:21
1007	山本 玲奈	2026-04-17	09:30	19:55
1008	中村 花子	2026-04-17	09:11	19:00
1009	小林 翼	2026-04-17	09:28	18:30
1010	加藤 陽菜	2026-04-17	08:51	18:20
1011	吉田 彩	2026-04-17	09:22	19:56
1012	山口 海斗	2026-04-17	09:08	19:48
1013	松本 蒼	2026-04-17	09:05	18:13
1014	井上 拓海	2026-04-17	08:56	18:22
1015	木村 健	2026-04-17	09:24	19:32
1016	林 翔	2026-04-17	09:13	19:28
1017	清水 大輔	2026-04-17	08:56	19:25
1018	山崎 悠	2026-04-17	09:07	19:17
1019	森 葵	2026-04-17	09:04	18:18
1020	池田 愛	2026-04-17	08:52	18:58
1021	佐藤 太郎	2026-04-17	09:04	19:29
1022	鈴木 美咲	2026-04-17	09:11	18:49
1023	高橋 優	2026-04-17	08:51	17:43
1024	田中 直樹	2026-04-17	09:12	19:59
1025	伊藤 結衣	2026-04-17	09:35	17:42
1026	渡辺 蓮	2026-04-17	08:48	17:43
1027	山本 玲奈	2026-04-17	08:41	18:19
1028	中村 花子	2026-04-17	09:28	19:55
1029	小林 翼	2026-04-17	09:09	19:26
1030	加藤 陽菜	2026-04-17	09:27	18:48
1031	吉田 彩	2026-04-17	09:30	19:37
1032	山口 海斗	2026-04-17	09:26	18:50
1033	松本 蒼	2026-04-17	08:46	17:45
1034	井上 拓海	2026-04-17	09:26	19:05
1035	木村 健	2026-04-17	08:54	18:22
1036	林 翔	2026-04-17	09:23	19:25
1037	清水 大輔	2026-04-17	09:16	19:07
1038	山崎 悠	2026-04-17	08:59	19:09
1039	森 葵	2026-04-17	08:58	19:35
1040	池田 愛	2026-04-17	09:21	18:20
1041	佐藤 太郎	2026-04-17	09:22	18:46
1042	鈴木 美咲	2026-04-17	09:22	18:10
1043	高橋 優	2026-04-17	09:15	17:51
1044	田中 直樹	2026-04-17	09:21	18:29
1045	伊藤 結衣	2026-04-17	09:00	19:08
1046	渡辺 蓮	2026-04-17	09:31	17:46
1047	山本 玲奈	2026-04-17	09:23	19:11
1048	中村 花子	2026-04-17	08:42	19:28
1049	小林 翼	2026-04-17	09:20	19:21
1050	加藤 陽菜	2026-04-17	09:30	19:12
1051	吉田 彩	2026-04-17	08:50	19:53
1052	山口 海斗	2026-04-17	09:21	18:20
1053	松本 蒼	2026-04-17	08:47	19:54
1054	井上 拓海	2026-04-17	09:30	19:33
1055	木村 健	2026-04-17	08:46	17:41
1056	林 翔	2026-04-17	09:24	19:01
1057	清水 大輔	2026-04-17	09:20	18:14
1058	山崎 悠	2026-04-17	09:26	17:48
1059	森 葵	2026-04-17	09:07	18:50
1060	池田 愛	2026-04-17	09:28	17:59
1061	佐藤 太郎	2026-04-17	09:31	18:43
1062	鈴木 美咲	2026-04-17	08:40	19:20
1063	高橋 優	2026-04-17	08:44	19:17
1064	田中 直樹	2026-04-17	09:28	19:42
1065	伊藤 結衣	2026-04-17	09:06	19:47
1066	渡辺 蓮	2026-04-17	09:22	19:58
1067	山本 玲奈	2026-04-17	09:31	19:39
1068	中村 花子	2026-04-17	09:17	19:32
1069	小林 翼	2026-04-17	09:33	18:39
1070	加藤 陽菜	2026-04-17	09:15	19:38
1071	吉田 彩	2026-04-17	09:21	18:26
1072	山口 海斗	2026-04-17	09:06	19:43
1073	松本 蒼	2026-04-17	09:10	18:28
1074	井上 拓海	2026-04-17	09:19	19:35
1075	木村 健	2026-04-17	09:22	18:58
1076	林 翔	2026-04-17	08:43	19:36
1077	清水 大輔	2026-04-17	09:06	18:58
1078	山崎 悠	2026-04-17	09:18	18:30
1079	森 葵	2026-04-17	08:58	19:50
1080	池田 愛	2026-04-17	09:28	18:07
1081	佐藤 太郎	2026-04-17	08:48	19:44
1082	鈴木 美咲	2026-04-17	09:20	19:55
1083	高橋 優	2026-04-17	09:33	19:17
1084	田中 直樹	2026-04-17	09:31	19:22
1085	伊藤 結衣	2026-04-17	08:55	19:26
1086	渡辺 蓮	2026-04-17	09:25	19:47
1087	山本 玲奈	2026-04-17	09:00	18:17
1088	中村 花子	2026-04-17	09:17	18:41
1089	小林 翼	2026-04-17	09:32	19:10
1090	加藤 陽菜	2026-04-17	08:49	19:02
1091	吉田 彩	2026-04-17	09:10	19:28
1092	山口 海斗	2026-04-17	09:33	18:44
1093	松本 蒼	2026-04-17	08:45	19:10
1094	井上 拓海	2026-04-17	09:28	19:16
1095	木村 健	2026-04-17	09:03	18:41
1096	林 翔	2026-04-17	09:14	18:23
1097	清水 大輔	2026-04-17	09:16	18:11
1098	山崎 悠	2026-04-17	09:16	18:24
1099	森 葵	2026-04-17	09:11	18:00
1100	池田 愛	2026-04-17	09:05	18:51
1001	佐藤 太郎	2026-04-20	09:30	19:26
1002	鈴木 美咲	2026-04-20	09:10	18:30
1003	高橋 優	2026-04-20	09:05	19:12
1004	田中 直樹	2026-04-20	09:25	19:19
1005	伊藤 結衣	2026-04-20	09:24	18:50
1006	渡辺 蓮	2026-04-20	09:28	17:42
1007	山本 玲奈	2026-04-20	08:50	19:47
1008	中村 花子	2026-04-20	09:06	19:40
1009	小林 翼	2026-04-20	09:07	19:16
1010	加藤 陽菜	2026-04-20	08:58	18:26
1011	吉田 彩	2026-04-20	09:01	18:10
1012	山口 海斗	2026-04-20	09:08	19:51
1013	松本 蒼	2026-04-20	09:34	19:18
1014	井上 拓海	2026-04-20	09:30	19:05
1015	木村 健	2026-04-20	08:57	19:53
1016	林 翔	2026-04-20	09:32	18:01
1017	清水 大輔	2026-04-20	09:28	19:01
1018	山崎 悠	2026-04-20	09:07	19:06
1019	森 葵	2026-04-20	09:14	18:48
1020	池田 愛	2026-04-20	08:54	18:39
1021	佐藤 太郎	2026-04-20	09:12	19:16
1022	鈴木 美咲	2026-04-20	08:48	17:32
1023	高橋 優	2026-04-20	08:49	19:20
1024	田中 直樹	2026-04-20	08:44	18:35
1025	伊藤 結衣	2026-04-20	08:50	17:40
1026	渡辺 蓮	2026-04-20	09:24	20:00
1027	山本 玲奈	2026-04-20	09:12	18:24
1028	中村 花子	2026-04-20	08:45	17:37
1029	小林 翼	2026-04-20	09:18	18:08
1030	加藤 陽菜	2026-04-20	08:56	17:57
1031	吉田 彩	2026-04-20	08:56	17:55
1032	山口 海斗	2026-04-20	09:12	17:41
1033	松本 蒼	2026-04-20	09:31	17:48
1034	井上 拓海	2026-04-20	09:15	19:28
1035	木村 健	2026-04-20	08:52	19:35
1036	林 翔	2026-04-20	09:17	18:49
1037	清水 大輔	2026-04-20	09:14	17:30
1038	山崎 悠	2026-04-20	08:57	17:46
1039	森 葵	2026-04-20	09:17	19:42
1040	池田 愛	2026-04-20	09:28	17:51
1041	佐藤 太郎	2026-04-20	09:22	17:36
1042	鈴木 美咲	2026-04-20	09:14	19:26
1043	高橋 優	2026-04-20	09:00	18:15
1044	田中 直樹	2026-04-20	08:51	17:48
1045	伊藤 結衣	2026-04-20	09:19	19:54
1046	渡辺 蓮	2026-04-20	09:34	18:39
1047	山本 玲奈	2026-04-20	08:47	18:06
1048	中村 花子	2026-04-20	09:13	18:17
1049	小林 翼	2026-04-20	09:11	19:13
1050	加藤 陽菜	2026-04-20	09:10	17:33
1051	吉田 彩	2026-04-20	09:20	18:10
1052	山口 海斗	2026-04-20	08:44	19:07
1053	松本 蒼	2026-04-20	09:06	18:56
1054	井上 拓海	2026-04-20	08:57	19:17
1055	木村 健	2026-04-20	08:59	17:54
1056	林 翔	2026-04-20	09:19	18:23
1057	清水 大輔	2026-04-20	08:41	19:17
1058	山崎 悠	2026-04-20	08:42	17:36
1059	森 葵	2026-04-20	08:53	19:48
1060	池田 愛	2026-04-20	09:10	19:25
1061	佐藤 太郎	2026-04-20	08:47	19:29
1062	鈴木 美咲	2026-04-20	09:25	19:35
1063	高橋 優	2026-04-20	08:40	18:33
1064	田中 直樹	2026-04-20	09:03	18:34
1065	伊藤 結衣	2026-04-20	09:10	18:26
1066	渡辺 蓮	2026-04-20	09:00	17:50
1067	山本 玲奈	2026-04-20	08:51	19:00
1068	中村 花子	2026-04-20	09:26	19:04
1069	小林 翼	2026-04-20	09:00	18:29
1070	加藤 陽菜	2026-04-20	09:29	18:30
1071	吉田 彩	2026-04-20	09:22	16:38
1072	山口 海斗	2026-04-20	09:03	18:56
1073	松本 蒼	2026-04-20	09:21	18:45
1074	井上 拓海	2026-04-20	09:15	17:52
1075	木村 健	2026-04-20	08:58	17:47
1076	林 翔	2026-04-20	09:24	18:12
1077	清水 大輔	2026-04-20	08:40	19:16
1078	山崎 悠	2026-04-20	09:02	19:01
1079	森 葵	2026-04-20	09:29	19:09
1080	池田 愛	2026-04-20	08:49	18:54
1081	佐藤 太郎	2026-04-20	09:14	16:56
1082	鈴木 美咲	2026-04-20	08:58	19:14
1083	高橋 優	2026-04-20	08:40	18:04
1084	田中 直樹	2026-04-20	08:42	18:16
1085	伊藤 結衣	2026-04-20	09:32	18:06
1086	渡辺 蓮	2026-04-20	09:31	16:30
1087	山本 玲奈	2026-04-20	09:01	18:56
1088	中村 花子	2026-04-20	08:42	17:34
1089	小林 翼	2026-04-20	08:53	18:43
1090	加藤 陽菜	2026-04-20	09:07	19:47
1091	吉田 彩	2026-04-20	09:08	18:23
1092	山口 海斗	2026-04-20	08:43	17:42
1093	松本 蒼	2026-04-20	08:59	19:21
1094	井上 拓海	2026-04-20	09:26	18:50
1095	木村 健	2026-04-20	09:07	17:57
1096	林 翔	2026-04-20	08:58	19:16
1097	清水 大輔	2026-04-20	08:42	17:37
1098	山崎 悠	2026-04-20	09:30	18:26
1099	森 葵	2026-04-20	08:54	18:57
1100	池田 愛	2026-04-20	09:10	19:34
1001	佐藤 太郎	2026-04-21	08:59	18:33
1002	鈴木 美咲	2026-04-21	09:19	18:04
1003	高橋 優	2026-04-21	09:11	17:37
1004	田中 直樹	2026-04-21	09:10	19:39
1005	伊藤 結衣	2026-04-21	09:32	18:25
1006	渡辺 蓮	2026-04-21	09:20	18:40
1007	山本 玲奈	2026-04-21	08:40	18:02
1008	中村 花子	2026-04-21	09:27	16:48
1009	小林 翼	2026-04-21	09:30	18:19
1010	加藤 陽菜	2026-04-21	09:19	17:55
1011	吉田 彩	2026-04-21	09:04	19:48
1012	山口 海斗	2026-04-21	09:18	18:25
1013	松本 蒼	2026-04-21	08:45	17:35
1014	井上 拓海	2026-04-21	09:19	19:53
1015	木村 健	2026-04-21	09:23	18:42
1016	林 翔	2026-04-21	08:47	19:28
1017	清水 大輔	2026-04-21	09:35	19:14
1018	山崎 悠	2026-04-21	08:59	19:39
1019	森 葵	2026-04-21	09:04	18:57
1020	池田 愛	2026-04-21	08:42	19:39
1021	佐藤 太郎	2026-04-21	08:53	19:31
1022	鈴木 美咲	2026-04-21	08:53	19:30
1023	高橋 優	2026-04-21	09:25	17:52
1024	田中 直樹	2026-04-21	08:52	18:24
1025	伊藤 結衣	2026-04-21	09:18	17:30
1026	渡辺 蓮	2026-04-21	09:11	19:33
1027	山本 玲奈	2026-04-21	09:21	18:16
1028	中村 花子	2026-04-21	09:19	19:54
1029	小林 翼	2026-04-21	09:24	19:55
1030	加藤 陽菜	2026-04-21	09:34	19:09
1031	吉田 彩	2026-04-21	09:10	19:28
1032	山口 海斗	2026-04-21	08:59	17:44
1033	松本 蒼	2026-04-21	08:41	20:00
1034	井上 拓海	2026-04-21	09:32	18:01
1035	木村 健	2026-04-21	09:05	19:44
1036	林 翔	2026-04-21	09:16	17:38
1037	清水 大輔	2026-04-21	08:46	16:56
1038	山崎 悠	2026-04-21	09:16	17:30
1039	森 葵	2026-04-21	08:48	18:19
1040	池田 愛	2026-04-21	09:10	18:59
1041	佐藤 太郎	2026-04-21	08:43	17:51
1042	鈴木 美咲	2026-04-21	08:54	18:27
1043	高橋 優	2026-04-21	08:52	18:17
1044	田中 直樹	2026-04-21	08:41	17:33
1045	伊藤 結衣	2026-04-21	09:02	17:34
1046	渡辺 蓮	2026-04-21	09:20	18:50
1047	山本 玲奈	2026-04-21	08:50	19:39
1048	中村 花子	2026-04-21	08:40	18:12
1049	小林 翼	2026-04-21	09:28	18:15
1050	加藤 陽菜	2026-04-21	08:46	18:03
1051	吉田 彩	2026-04-21	09:32	18:58
1052	山口 海斗	2026-04-21	08:41	18:38
1053	松本 蒼	2026-04-21	09:23	19:55
1054	井上 拓海	2026-04-21	09:22	17:41
1055	木村 健	2026-04-21	08:57	17:56
1056	林 翔	2026-04-21	09:21	19:34
1057	清水 大輔	2026-04-21	08:56	19:09
1058	山崎 悠	2026-04-21	08:43	18:47
1059	森 葵	2026-04-21	09:02	18:00
1060	池田 愛	2026-04-21	09:02	19:12
1061	佐藤 太郎	2026-04-21	09:26	17:51
1062	鈴木 美咲	2026-04-21	09:21	18:06
1063	高橋 優	2026-04-21	09:28	19:43
1064	田中 直樹	2026-04-21	08:51	18:17
1065	伊藤 結衣	2026-04-21	09:18	18:13
1066	渡辺 蓮	2026-04-21	08:57	18:38
1067	山本 玲奈	2026-04-21	09:29	19:07
1068	中村 花子	2026-04-21	08:55	18:04
1069	小林 翼	2026-04-21	09:18	18:07
1070	加藤 陽菜	2026-04-21	09:28	19:26
1071	吉田 彩	2026-04-21	09:12	19:30
1072	山口 海斗	2026-04-21	08:50	18:16
1073	松本 蒼	2026-04-21	08:55	18:12
1074	井上 拓海	2026-04-21	09:06	17:47
1075	木村 健	2026-04-21	09:33	19:26
1076	林 翔	2026-04-21	09:09	18:57
1077	清水 大輔	2026-04-21	09:13	19:57
1078	山崎 悠	2026-04-21	09:21	19:39
1079	森 葵	2026-04-21	09:07	17:33
1080	池田 愛	2026-04-21	09:22	19:00
1081	佐藤 太郎	2026-04-21	09:18	19:42
1082	鈴木 美咲	2026-04-21	08:57	18:06
1083	高橋 優	2026-04-21	09:09	18:21
1084	田中 直樹	2026-04-21	09:06	18:34
1085	伊藤 結衣	2026-04-21	08:54	18:49
1086	渡辺 蓮	2026-04-21	08:45	19:44
1087	山本 玲奈	2026-04-21	08:49	17:42
1088	中村 花子	2026-04-21	09:10	19:57
1089	小林 翼	2026-04-21	08:53	18:28
1090	加藤 陽菜	2026-04-21	09:08	19:15
1091	吉田 彩	2026-04-21	09:31	16:44
1092	山口 海斗	2026-04-21	09:27	19:56
1093	松本 蒼	2026-04-21	09:04	19:55
1094	井上 拓海	2026-04-21	08:41	19:43
1095	木村 健	2026-04-21	08:52	18:07
1096	林 翔	2026-04-21	08:57	19:17
1097	清水 大輔	2026-04-21	08:53	19:10
1098	山崎 悠	2026-04-21	09:00	17:34
1099	森 葵	2026-04-21	09:01	16:38
1100	池田 愛	2026-04-21	09:09	18:33
1001	佐藤 太郎	2026-04-22	09:15	19:18
1002	鈴木 美咲	2026-04-22	09:34	17:30
1003	高橋 優	2026-04-22	09:35	19:30
1004	田中 直樹	2026-04-22	08:47	19:48
1005	伊藤 結衣	2026-04-22	09:35	19:19
1006	渡辺 蓮	2026-04-22	09:34	18:19
1007	山本 玲奈	2026-04-22	09:00	18:52
1008	中村 花子	2026-04-22	09:14	17:52
1009	小林 翼	2026-04-22	08:44	17:37
1010	加藤 陽菜	2026-04-22	09:32	17:35
1011	吉田 彩	2026-04-22	08:57	17:52
1012	山口 海斗	2026-04-22	09:22	19:24
1013	松本 蒼	2026-04-22	09:28	19:10
1014	井上 拓海	2026-04-22	09:11	17:46
1015	木村 健	2026-04-22	09:32	19:49
1016	林 翔	2026-04-22	09:20	17:45
1017	清水 大輔	2026-04-22	09:11	18:12
1018	山崎 悠	2026-04-22	09:20	19:43
1019	森 葵	2026-04-22	08:56	18:40
1020	池田 愛	2026-04-22	09:11	18:10
1021	佐藤 太郎	2026-04-22	09:31	19:56
1022	鈴木 美咲	2026-04-22	09:01	18:59
1023	高橋 優	2026-04-22	09:05	18:50
1024	田中 直樹	2026-04-22	09:25	20:00
1025	伊藤 結衣	2026-04-22	09:17	19:08
1026	渡辺 蓮	2026-04-22	09:09	18:17
1027	山本 玲奈	2026-04-22	09:13	17:48
1028	中村 花子	2026-04-22	08:42	19:03
1029	小林 翼	2026-04-22	08:58	17:46
1030	加藤 陽菜	2026-04-22	09:34	17:56
1031	吉田 彩	2026-04-22	08:46	18:22
1032	山口 海斗	2026-04-22	08:56	19:57
1033	松本 蒼	2026-04-22	09:12	18:24
1034	井上 拓海	2026-04-22	08:40	19:42
1035	木村 健	2026-04-22	09:30	19:43
1036	林 翔	2026-04-22	09:01	17:53
1037	清水 大輔	2026-04-22	09:05	19:35
1038	山崎 悠	2026-04-22	09:05	17:43
1039	森 葵	2026-04-22	09:35	17:55
1040	池田 愛	2026-04-22	09:23	19:07
1041	佐藤 太郎	2026-04-22	09:34	19:16
1042	鈴木 美咲	2026-04-22	08:47	17:33
1043	高橋 優	2026-04-22	09:05	18:45
1044	田中 直樹	2026-04-22	08:49	19:47
1045	伊藤 結衣	2026-04-22	09:18	16:58
1046	渡辺 蓮	2026-04-22	08:57	19:10
1047	山本 玲奈	2026-04-22	09:24	18:19
1048	中村 花子	2026-04-22	08:46	19:20
1049	小林 翼	2026-04-22	09:21	18:01
1050	加藤 陽菜	2026-04-22	08:54	18:04
1051	吉田 彩	2026-04-22	08:52	17:45
1052	山口 海斗	2026-04-22	09:18	17:50
1053	松本 蒼	2026-04-22	09:17	19:57
1054	井上 拓海	2026-04-22	09:13	17:33
1055	木村 健	2026-04-22	09:04	19:46
1056	林 翔	2026-04-22	09:04	18:19
1057	清水 大輔	2026-04-22	08:51	18:54
1058	山崎 悠	2026-04-22	09:08	18:10
1059	森 葵	2026-04-22	09:00	18:32
1060	池田 愛	2026-04-22	09:08	17:41
1061	佐藤 太郎	2026-04-22	09:14	18:05
1062	鈴木 美咲	2026-04-22	09:09	18:41
1063	高橋 優	2026-04-22	09:02	17:34
1064	田中 直樹	2026-04-22	09:33	19:21
1065	伊藤 結衣	2026-04-22	09:00	19:37
1066	渡辺 蓮	2026-04-22	09:28	16:53
1067	山本 玲奈	2026-04-22	08:56	17:50
1068	中村 花子	2026-04-22	08:51	18:32
1069	小林 翼	2026-04-22	09:21	18:59
1070	加藤 陽菜	2026-04-22	08:45	18:53
1071	吉田 彩	2026-04-22	09:05	18:38
1072	山口 海斗	2026-04-22	08:46	19:24
1073	松本 蒼	2026-04-22	08:55	16:30
1074	井上 拓海	2026-04-22	09:07	19:19
1075	木村 健	2026-04-22	09:02	18:09
1076	林 翔	2026-04-22	09:17	17:30
1077	清水 大輔	2026-04-22	08:58	17:43
1078	山崎 悠	2026-04-22	09:06	17:51
1079	森 葵	2026-04-22	09:02	17:35
1080	池田 愛	2026-04-22	09:28	18:01
1081	佐藤 太郎	2026-04-22	09:11	17:36
1082	鈴木 美咲	2026-04-22	09:19	18:00
1083	高橋 優	2026-04-22	09:30	17:32
1084	田中 直樹	2026-04-22	08:46	17:37
1085	伊藤 結衣	2026-04-22	09:09	19:11
1086	渡辺 蓮	2026-04-22	09:19	18:54
1087	山本 玲奈	2026-04-22	09:33	19:28
1088	中村 花子	2026-04-22	09:16	18:06
1089	小林 翼	2026-04-22	08:55	19:38
1090	加藤 陽菜	2026-04-22	08:45	18:55
1091	吉田 彩	2026-04-22	08:49	18:30
1092	山口 海斗	2026-04-22	09:20	19:53
1093	松本 蒼	2026-04-22	09:16	19:58
1094	井上 拓海	2026-04-22	08:42	18:06
1095	木村 健	2026-04-22	08:41	19:05
1096	林 翔	2026-04-22	08:54	19:13
1097	清水 大輔	2026-04-22	09:02	19:13
1098	山崎 悠	2026-04-22	08:50	19:12
1099	森 葵	2026-04-22	08:46	18:06
1100	池田 愛	2026-04-22	08:57	17:42
1001	佐藤 太郎	2026-04-23	08:57	18:12
1002	鈴木 美咲	2026-04-23	09:26	18:40
1003	高橋 優	2026-04-23	09:11	18:01
1004	田中 直樹	2026-04-23	09:01	17:38
1005	伊藤 結衣	2026-04-23	09:21	17:57
1006	渡辺 蓮	2026-04-23	09:10	19:53
1007	山本 玲奈	2026-04-23	09:14	19:18
1008	中村 花子	2026-04-23	09:28	19:10
1009	小林 翼	2026-04-23	09:15	18:59
1010	加藤 陽菜	2026-04-23	08:48	16:43
1011	吉田 彩	2026-04-23	08:40	19:35
1012	山口 海斗	2026-04-23	09:31	18:07
1013	松本 蒼	2026-04-23	08:50	18:39
1014	井上 拓海	2026-04-23	08:40	19:17
1015	木村 健	2026-04-23	08:41	17:59
1016	林 翔	2026-04-23	09:14	18:27
1017	清水 大輔	2026-04-23	08:54	17:45
1018	山崎 悠	2026-04-23	08:40	17:52
1019	森 葵	2026-04-23	09:34	20:00
1020	池田 愛	2026-04-23	08:58	18:53
1021	佐藤 太郎	2026-04-23	09:24	19:19
1022	鈴木 美咲	2026-04-23	09:22	19:11
1023	高橋 優	2026-04-23	09:35	18:08
1024	田中 直樹	2026-04-23	08:58	18:06
1025	伊藤 結衣	2026-04-23	08:48	19:16
1026	渡辺 蓮	2026-04-23	08:50	19:53
1027	山本 玲奈	2026-04-23	09:25	19:04
1028	中村 花子	2026-04-23	09:14	18:21
1029	小林 翼	2026-04-23	09:01	19:59
1030	加藤 陽菜	2026-04-23	08:57	19:50
1031	吉田 彩	2026-04-23	08:57	18:38
1032	山口 海斗	2026-04-23	08:52	19:11
1033	松本 蒼	2026-04-23	09:01	18:06
1034	井上 拓海	2026-04-23	09:18	16:42
1035	木村 健	2026-04-23	09:00	18:16
1036	林 翔	2026-04-23	09:15	18:47
1037	清水 大輔	2026-04-23	09:10	19:50
1038	山崎 悠	2026-04-23	08:41	18:28
1039	森 葵	2026-04-23	09:23	18:23
1040	池田 愛	2026-04-23	09:03	19:09
1041	佐藤 太郎	2026-04-23	09:00	18:43
1042	鈴木 美咲	2026-04-23	09:10	18:48
1043	高橋 優	2026-04-23	09:07	18:34
1044	田中 直樹	2026-04-23	09:12	18:04
1045	伊藤 結衣	2026-04-23	09:26	17:55
1046	渡辺 蓮	2026-04-23	08:54	18:02
1047	山本 玲奈	2026-04-23	09:28	18:41
1048	中村 花子	2026-04-23	09:33	19:48
1049	小林 翼	2026-04-23	09:02	17:55
1050	加藤 陽菜	2026-04-23	09:07	19:42
1051	吉田 彩	2026-04-23	09:13	17:46
1052	山口 海斗	2026-04-23	09:28	18:07
1053	松本 蒼	2026-04-23	09:25	19:10
1054	井上 拓海	2026-04-23	08:48	19:17
1055	木村 健	2026-04-23	08:59	17:34
1056	林 翔	2026-04-23	08:53	17:48
1057	清水 大輔	2026-04-23	08:55	18:47
1058	山崎 悠	2026-04-23	08:49	18:51
1059	森 葵	2026-04-23	09:17	18:52
1060	池田 愛	2026-04-23	09:18	19:51
1061	佐藤 太郎	2026-04-23	09:12	17:52
1062	鈴木 美咲	2026-04-23	09:25	19:23
1063	高橋 優	2026-04-23	08:55	19:04
1064	田中 直樹	2026-04-23	08:49	19:05
1065	伊藤 結衣	2026-04-23	09:35	18:19
1066	渡辺 蓮	2026-04-23	09:31	19:21
1067	山本 玲奈	2026-04-23	09:04	16:30
1068	中村 花子	2026-04-23	09:35	19:56
1069	小林 翼	2026-04-23	08:47	19:58
1070	加藤 陽菜	2026-04-23	08:42	19:41
1071	吉田 彩	2026-04-23	09:33	19:06
1072	山口 海斗	2026-04-23	08:53	19:19
1073	松本 蒼	2026-04-23	09:27	17:45
1074	井上 拓海	2026-04-23	08:57	18:08
1075	木村 健	2026-04-23	08:56	18:00
1076	林 翔	2026-04-23	08:47	17:57
1077	清水 大輔	2026-04-23	08:43	19:22
1078	山崎 悠	2026-04-23	09:09	18:09
1079	森 葵	2026-04-23	09:10	18:52
1080	池田 愛	2026-04-23	09:02	19:33
1081	佐藤 太郎	2026-04-23	09:21	18:27
1082	鈴木 美咲	2026-04-23	09:18	19:01
1083	高橋 優	2026-04-23	09:14	17:54
1084	田中 直樹	2026-04-23	08:44	18:51
1085	伊藤 結衣	2026-04-23	08:44	19:50
1086	渡辺 蓮	2026-04-23	09:11	18:10
1087	山本 玲奈	2026-04-23	09:13	17:49
1088	中村 花子	2026-04-23	09:27	19:54
1089	小林 翼	2026-04-23	09:00	19:04
1090	加藤 陽菜	2026-04-23	08:48	18:40
1091	吉田 彩	2026-04-23	09:02	19:00
1092	山口 海斗	2026-04-23	08:45	19:56
1093	松本 蒼	2026-04-23	09:11	18:56
1094	井上 拓海	2026-04-23	08:41	19:23
1095	木村 健	2026-04-23	09:27	18:25
1096	林 翔	2026-04-23	08:49	17:35
1097	清水 大輔	2026-04-23	09:12	17:59
1098	山崎 悠	2026-04-23	09:12	19:03
1099	森 葵	2026-04-23	09:25	19:02
1100	池田 愛	2026-04-23	09:02	19:57
1001	佐藤 太郎	2026-04-24	09:21	19:19
1002	鈴木 美咲	2026-04-24	08:46	18:06
1003	高橋 優	2026-04-24	09:32	17:46
1004	田中 直樹	2026-04-24	08:55	18:41
1005	伊藤 結衣	2026-04-24	09:03	19:56
1006	渡辺 蓮	2026-04-24	08:53	18:14
1007	山本 玲奈	2026-04-24	09:05	18:59
1008	中村 花子	2026-04-24	09:28	19:51
1009	小林 翼	2026-04-24	08:47	18:08
1010	加藤 陽菜	2026-04-24	08:58	18:53
1011	吉田 彩	2026-04-24	08:51	19:45
1012	山口 海斗	2026-04-24	08:58	18:51
1013	松本 蒼	2026-04-24	09:28	18:24
1014	井上 拓海	2026-04-24	09:21	17:52
1015	木村 健	2026-04-24	09:13	19:14
1016	林 翔	2026-04-24	09:01	18:25
1017	清水 大輔	2026-04-24	08:57	19:54
1018	山崎 悠	2026-04-24	08:52	19:44
1019	森 葵	2026-04-24	09:15	18:06
1020	池田 愛	2026-04-24	09:31	18:54
1021	佐藤 太郎	2026-04-24	09:16	19:03
1022	鈴木 美咲	2026-04-24	08:54	17:32
1023	高橋 優	2026-04-24	09:22	19:11
1024	田中 直樹	2026-04-24	09:33	19:44
1025	伊藤 結衣	2026-04-24	09:35	19:03
1026	渡辺 蓮	2026-04-24	09:11	17:50
1027	山本 玲奈	2026-04-24	09:22	18:57
1028	中村 花子	2026-04-24	08:42	19:01
1029	小林 翼	2026-04-24	09:31	18:53
1030	加藤 陽菜	2026-04-24	09:12	18:18
1031	吉田 彩	2026-04-24	09:04	18:26
1032	山口 海斗	2026-04-24	08:56	18:06
1033	松本 蒼	2026-04-24	09:11	19:11
1034	井上 拓海	2026-04-24	09:02	16:55
1035	木村 健	2026-04-24	08:47	19:10
1036	林 翔	2026-04-24	08:55	18:53
1037	清水 大輔	2026-04-24	09:21	18:58
1038	山崎 悠	2026-04-24	08:40	17:40
1039	森 葵	2026-04-24	09:20	17:40
1040	池田 愛	2026-04-24	08:43	19:54
1041	佐藤 太郎	2026-04-24	09:09	16:58
1042	鈴木 美咲	2026-04-24	09:16	18:19
1043	高橋 優	2026-04-24	09:02	19:43
1044	田中 直樹	2026-04-24	08:42	19:39
1045	伊藤 結衣	2026-04-24	09:00	18:06
1046	渡辺 蓮	2026-04-24	08:47	17:58
1047	山本 玲奈	2026-04-24	08:52	18:10
1048	中村 花子	2026-04-24	09:15	17:35
1049	小林 翼	2026-04-24	08:50	19:25
1050	加藤 陽菜	2026-04-24	09:00	19:07
1051	吉田 彩	2026-04-24	09:28	19:16
1052	山口 海斗	2026-04-24	09:06	17:34
1053	松本 蒼	2026-04-24	09:17	19:57
1054	井上 拓海	2026-04-24	09:29	17:55
1055	木村 健	2026-04-24	09:09	18:05
1056	林 翔	2026-04-24	09:23	18:56
1057	清水 大輔	2026-04-24	09:10	17:43
1058	山崎 悠	2026-04-24	08:53	19:30
1059	森 葵	2026-04-24	09:20	19:02
1060	池田 愛	2026-04-24	08:58	18:39
1061	佐藤 太郎	2026-04-24	09:15	18:41
1062	鈴木 美咲	2026-04-24	08:45	18:09
1063	高橋 優	2026-04-24	09:06	17:44
1064	田中 直樹	2026-04-24	08:42	19:18
1065	伊藤 結衣	2026-04-24	09:06	19:05
1066	渡辺 蓮	2026-04-24	09:28	17:37
1067	山本 玲奈	2026-04-24	09:09	18:17
1068	中村 花子	2026-04-24	08:46	16:39
1069	小林 翼	2026-04-24	09:29	17:51
1070	加藤 陽菜	2026-04-24	08:51	19:33
1071	吉田 彩	2026-04-24	09:10	18:30
1072	山口 海斗	2026-04-24	08:50	18:38
1073	松本 蒼	2026-04-24	09:26	18:15
1074	井上 拓海	2026-04-24	09:33	18:33
1075	木村 健	2026-04-24	09:08	18:06
1076	林 翔	2026-04-24	09:12	19:59
1077	清水 大輔	2026-04-24	09:18	17:35
1078	山崎 悠	2026-04-24	08:48	19:23
1079	森 葵	2026-04-24	09:03	19:28
1080	池田 愛	2026-04-24	09:05	18:50
1081	佐藤 太郎	2026-04-24	08:41	19:53
1082	鈴木 美咲	2026-04-24	09:03	17:51
1083	高橋 優	2026-04-24	09:16	18:21
1084	田中 直樹	2026-04-24	09:27	18:02
1085	伊藤 結衣	2026-04-24	09:34	17:31
1086	渡辺 蓮	2026-04-24	09:27	17:37
1087	山本 玲奈	2026-04-24	08:43	18:07
1088	中村 花子	2026-04-24	08:57	16:54
1089	小林 翼	2026-04-24	08:41	18:58
1090	加藤 陽菜	2026-04-24	09:03	17:59
1091	吉田 彩	2026-04-24	09:09	19:49
1092	山口 海斗	2026-04-24	09:06	19:23
1093	松本 蒼	2026-04-24	09:03	18:17
1094	井上 拓海	2026-04-24	09:04	18:28
1095	木村 健	2026-04-24	09:22	19:30
1096	林 翔	2026-04-24	09:27	18:59
1097	清水 大輔	2026-04-24	09:19	19:53
1098	山崎 悠	2026-04-24	09:05	19:29
1099	森 葵	2026-04-24	08:44	19:52
1100	池田 愛	2026-04-24	09:04	19:30
1001	佐藤 太郎	2026-04-27	09:27	17:39
1002	鈴木 美咲	2026-04-27	09:32	19:56
1003	高橋 優	2026-04-27	08:48	18:09
1004	田中 直樹	2026-04-27	08:49	18:03
1005	伊藤 結衣	2026-04-27	09:30	17:51
1006	渡辺 蓮	2026-04-27	09:03	19:13
1007	山本 玲奈	2026-04-27	09:24	17:32
1008	中村 花子	2026-04-27	08:52	18:08
1009	小林 翼	2026-04-27	09:18	17:33
1010	加藤 陽菜	2026-04-27	08:54	19:49
1011	吉田 彩	2026-04-27	08:58	18:38
1012	山口 海斗	2026-04-27	09:09	19:56
1013	松本 蒼	2026-04-27	09:18	19:56
1014	井上 拓海	2026-04-27	09:27	18:51
1015	木村 健	2026-04-27	09:20	19:09
1016	林 翔	2026-04-27	09:23	17:42
1017	清水 大輔	2026-04-27	09:08	19:04
1018	山崎 悠	2026-04-27	09:14	18:42
1019	森 葵	2026-04-27	09:09	18:50
1020	池田 愛	2026-04-27	09:25	17:32
1021	佐藤 太郎	2026-04-27	08:45	19:13
1022	鈴木 美咲	2026-04-27	09:34	19:30
1023	高橋 優	2026-04-27	09:23	18:23
1024	田中 直樹	2026-04-27	09:28	18:27
1025	伊藤 結衣	2026-04-27	09:25	18:46
1026	渡辺 蓮	2026-04-27	09:11	18:21
1027	山本 玲奈	2026-04-27	09:31	19:03
1028	中村 花子	2026-04-27	09:04	18:55
1029	小林 翼	2026-04-27	09:01	18:47
1030	加藤 陽菜	2026-04-27	08:44	17:55
1031	吉田 彩	2026-04-27	09:23	19:09
1032	山口 海斗	2026-04-27	09:04	18:44
1033	松本 蒼	2026-04-27	09:12	19:23
1034	井上 拓海	2026-04-27	09:00	19:15
1035	木村 健	2026-04-27	08:40	18:08
1036	林 翔	2026-04-27	09:01	19:08
1037	清水 大輔	2026-04-27	08:55	19:15
1038	山崎 悠	2026-04-27	08:41	19:57
1039	森 葵	2026-04-27	08:49	19:23
1040	池田 愛	2026-04-27	09:07	19:04
1041	佐藤 太郎	2026-04-27	09:03	19:53
1042	鈴木 美咲	2026-04-27	09:35	18:40
1043	高橋 優	2026-04-27	09:25	19:01
1044	田中 直樹	2026-04-27	08:51	18:58
1045	伊藤 結衣	2026-04-27	08:48	19:29
1046	渡辺 蓮	2026-04-27	09:28	19:14
1047	山本 玲奈	2026-04-27	08:42	19:48
1048	中村 花子	2026-04-27	09:08	19:21
1049	小林 翼	2026-04-27	09:33	18:32
1050	加藤 陽菜	2026-04-27	08:55	19:06
1051	吉田 彩	2026-04-27	09:09	19:09
1052	山口 海斗	2026-04-27	08:59	17:44
1053	松本 蒼	2026-04-27	09:23	17:33
1054	井上 拓海	2026-04-27	08:59	17:49
1055	木村 健	2026-04-27	08:47	18:31
1056	林 翔	2026-04-27	08:46	19:21
1057	清水 大輔	2026-04-27	09:20	17:49
1058	山崎 悠	2026-04-27	08:43	18:30
1059	森 葵	2026-04-27	09:33	17:56
1060	池田 愛	2026-04-27	08:53	18:41
1061	佐藤 太郎	2026-04-27	09:17	18:10
1062	鈴木 美咲	2026-04-27	08:51	19:01
1063	高橋 優	2026-04-27	09:00	19:35
1064	田中 直樹	2026-04-27	09:12	16:43
1065	伊藤 結衣	2026-04-27	09:22	17:35
1066	渡辺 蓮	2026-04-27	09:16	17:42
1067	山本 玲奈	2026-04-27	09:30	18:11
1068	中村 花子	2026-04-27	09:22	17:33
1069	小林 翼	2026-04-27	08:59	19:47
1070	加藤 陽菜	2026-04-27	09:15	18:02
1071	吉田 彩	2026-04-27	09:23	18:59
1072	山口 海斗	2026-04-27	09:27	17:56
1073	松本 蒼	2026-04-27	09:31	18:48
1074	井上 拓海	2026-04-27	08:51	18:02
1075	木村 健	2026-04-27	09:24	19:12
1076	林 翔	2026-04-27	08:40	19:55
1077	清水 大輔	2026-04-27	09:34	18:10
1078	山崎 悠	2026-04-27	09:01	18:10
1079	森 葵	2026-04-27	09:35	16:41
1080	池田 愛	2026-04-27	08:47	19:46
1081	佐藤 太郎	2026-04-27	09:14	19:53
1082	鈴木 美咲	2026-04-27	08:56	16:54
1083	高橋 優	2026-04-27	09:00	18:55
1084	田中 直樹	2026-04-27	09:07	17:46
1085	伊藤 結衣	2026-04-27	08:56	17:32
1086	渡辺 蓮	2026-04-27	09:11	19:24
1087	山本 玲奈	2026-04-27	08:51	18:21
1088	中村 花子	2026-04-27	09:31	18:12
1089	小林 翼	2026-04-27	09:07	16:38
1090	加藤 陽菜	2026-04-27	09:10	19:50
1091	吉田 彩	2026-04-27	08:46	19:56
1092	山口 海斗	2026-04-27	08:44	18:46
1093	松本 蒼	2026-04-27	09:20	17:54
1094	井上 拓海	2026-04-27	08:54	19:34
1095	木村 健	2026-04-27	08:42	19:02
1096	林 翔	2026-04-27	08:46	19:45
1097	清水 大輔	2026-04-27	08:42	17:56
1098	山崎 悠	2026-04-27	09:29	19:40
1099	森 葵	2026-04-27	09:28	19:31
1100	池田 愛	2026-04-27	09:20	18:57
1001	佐藤 太郎	2026-04-28	08:48	18:37
1002	鈴木 美咲	2026-04-28	09:16	19:18
1003	高橋 優	2026-04-28	09:18	18:58
1004	田中 直樹	2026-04-28	08:47	16:44
1005	伊藤 結衣	2026-04-28	08:56	19:46
1006	渡辺 蓮	2026-04-28	08:40	17:49
1007	山本 玲奈	2026-04-28	09:30	18:39
1008	中村 花子	2026-04-28	08:50	18:44
1009	小林 翼	2026-04-28	09:31	19:42
1010	加藤 陽菜	2026-04-28	08:47	19:56
1011	吉田 彩	2026-04-28	09:08	19:38
1012	山口 海斗	2026-04-28	09:04	18:39
1013	松本 蒼	2026-04-28	08:59	19:14
1014	井上 拓海	2026-04-28	09:06	17:00
1015	木村 健	2026-04-28	08:56	19:15
1016	林 翔	2026-04-28	08:59	17:56
1017	清水 大輔	2026-04-28	09:03	19:22
1018	山崎 悠	2026-04-28	08:55	19:13
1019	森 葵	2026-04-28	08:54	18:44
1020	池田 愛	2026-04-28	09:00	17:50
1021	佐藤 太郎	2026-04-28	09:33	19:10
1022	鈴木 美咲	2026-04-28	08:50	17:47
1023	高橋 優	2026-04-28	09:34	17:49
1024	田中 直樹	2026-04-28	08:47	17:31
1025	伊藤 結衣	2026-04-28	09:34	17:31
1026	渡辺 蓮	2026-04-28	08:55	18:37
1027	山本 玲奈	2026-04-28	08:49	17:40
1028	中村 花子	2026-04-28	09:28	17:58
1029	小林 翼	2026-04-28	09:06	17:59
1030	加藤 陽菜	2026-04-28	09:03	19:45
1031	吉田 彩	2026-04-28	09:30	18:51
1032	山口 海斗	2026-04-28	08:50	18:30
1033	松本 蒼	2026-04-28	08:56	19:41
1034	井上 拓海	2026-04-28	09:28	17:45
1035	木村 健	2026-04-28	08:48	19:37
1036	林 翔	2026-04-28	09:02	19:44
1037	清水 大輔	2026-04-28	09:01	18:25
1038	山崎 悠	2026-04-28	09:22	18:00
1039	森 葵	2026-04-28	09:30	18:28
1040	池田 愛	2026-04-28	09:19	19:30
1041	佐藤 太郎	2026-04-28	09:28	18:10
1042	鈴木 美咲	2026-04-28	08:48	19:14
1043	高橋 優	2026-04-28	09:21	18:16
1044	田中 直樹	2026-04-28	08:50	19:16
1045	伊藤 結衣	2026-04-28	09:07	17:56
1046	渡辺 蓮	2026-04-28	08:55	17:37
1047	山本 玲奈	2026-04-28	08:43	18:17
1048	中村 花子	2026-04-28	08:44	18:16
1049	小林 翼	2026-04-28	09:22	19:34
1050	加藤 陽菜	2026-04-28	09:02	19:14
1051	吉田 彩	2026-04-28	09:11	19:40
1052	山口 海斗	2026-04-28	08:55	18:43
1053	松本 蒼	2026-04-28	09:35	18:27
1054	井上 拓海	2026-04-28	09:32	19:08
1055	木村 健	2026-04-28	08:43	19:25
1056	林 翔	2026-04-28	08:43	18:27
1057	清水 大輔	2026-04-28	08:55	18:20
1058	山崎 悠	2026-04-28	09:12	18:52
1059	森 葵	2026-04-28	09:31	17:41
1060	池田 愛	2026-04-28	09:08	18:27
1061	佐藤 太郎	2026-04-28	08:42	19:07
1062	鈴木 美咲	2026-04-28	08:58	18:33
1063	高橋 優	2026-04-28	08:54	18:17
1064	田中 直樹	2026-04-28	08:41	17:38
1065	伊藤 結衣	2026-04-28	09:17	19:35
1066	渡辺 蓮	2026-04-28	09:09	18:08
1067	山本 玲奈	2026-04-28	09:31	17:46
1068	中村 花子	2026-04-28	09:25	17:46
1069	小林 翼	2026-04-28	09:07	19:43
1070	加藤 陽菜	2026-04-28	09:06	18:44
1071	吉田 彩	2026-04-28	09:15	18:17
1072	山口 海斗	2026-04-28	09:01	18:16
1073	松本 蒼	2026-04-28	09:25	18:09
1074	井上 拓海	2026-04-28	08:58	18:02
1075	木村 健	2026-04-28	08:48	19:44
1076	林 翔	2026-04-28	09:01	18:30
1077	清水 大輔	2026-04-28	09:24	19:06
1078	山崎 悠	2026-04-28	09:13	18:08
1079	森 葵	2026-04-28	09:13	18:29
1080	池田 愛	2026-04-28	09:35	19:37
1081	佐藤 太郎	2026-04-28	09:23	18:15
1082	鈴木 美咲	2026-04-28	09:29	16:59
1083	高橋 優	2026-04-28	09:24	19:05
1084	田中 直樹	2026-04-28	08:48	19:25
1085	伊藤 結衣	2026-04-28	09:26	18:34
1086	渡辺 蓮	2026-04-28	09:20	18:08
1087	山本 玲奈	2026-04-28	08:58	18:13
1088	中村 花子	2026-04-28	09:02	18:56
1089	小林 翼	2026-04-28	09:28	19:07
1090	加藤 陽菜	2026-04-28	09:09	18:29
1091	吉田 彩	2026-04-28	08:46	17:42
1092	山口 海斗	2026-04-28	09:35	17:47
1093	松本 蒼	2026-04-28	09:21	18:53
1094	井上 拓海	2026-04-28	09:03	18:23
1095	木村 健	2026-04-28	09:34	19:37
1096	林 翔	2026-04-28	09:14	17:44
1097	清水 大輔	2026-04-28	08:58	17:43
1098	山崎 悠	2026-04-28	09:09	17:44
1099	森 葵	2026-04-28	08:56	19:56
1100	池田 愛	2026-04-28	09:03	18:37
1001	佐藤 太郎	2026-04-29	08:44	19:07
1002	鈴木 美咲	2026-04-29	08:54	18:14
1003	高橋 優	2026-04-29	09:14	18:57
1004	田中 直樹	2026-04-29	08:49	16:55
1005	伊藤 結衣	2026-04-29	08:57	17:58
1006	渡辺 蓮	2026-04-29	08:40	19:12
1007	山本 玲奈	2026-04-29	08:42	19:40
1008	中村 花子	2026-04-29	09:25	17:40
1009	小林 翼	2026-04-29	08:42	19:23
1010	加藤 陽菜	2026-04-29	09:31	19:19
1011	吉田 彩	2026-04-29	09:18	19:01
1012	山口 海斗	2026-04-29	09:35	19:46
1013	松本 蒼	2026-04-29	08:57	19:47
1014	井上 拓海	2026-04-29	08:51	19:19
1015	木村 健	2026-04-29	08:49	17:44
1016	林 翔	2026-04-29	09:29	18:23
1017	清水 大輔	2026-04-29	09:21	20:00
1018	山崎 悠	2026-04-29	09:31	19:20
1019	森 葵	2026-04-29	09:25	19:50
1020	池田 愛	2026-04-29	09:11	18:17
1021	佐藤 太郎	2026-04-29	09:31	16:57
1022	鈴木 美咲	2026-04-29	09:11	17:51
1023	高橋 優	2026-04-29	09:18	20:00
1024	田中 直樹	2026-04-29	09:14	19:06
1025	伊藤 結衣	2026-04-29	09:24	19:46
1026	渡辺 蓮	2026-04-29	09:22	18:24
1027	山本 玲奈	2026-04-29	09:18	17:58
1028	中村 花子	2026-04-29	09:02	18:12
1029	小林 翼	2026-04-29	08:47	19:55
1030	加藤 陽菜	2026-04-29	08:56	18:44
1031	吉田 彩	2026-04-29	09:27	18:29
1032	山口 海斗	2026-04-29	08:53	19:36
1033	松本 蒼	2026-04-29	08:56	18:32
1034	井上 拓海	2026-04-29	09:22	17:30
1035	木村 健	2026-04-29	09:27	18:18
1036	林 翔	2026-04-29	09:06	18:12
1037	清水 大輔	2026-04-29	08:44	17:39
1038	山崎 悠	2026-04-29	08:40	18:45
1039	森 葵	2026-04-29	08:51	17:56
1040	池田 愛	2026-04-29	08:45	18:01
1041	佐藤 太郎	2026-04-29	09:00	19:06
1042	鈴木 美咲	2026-04-29	09:08	17:39
1043	高橋 優	2026-04-29	08:51	19:19
1044	田中 直樹	2026-04-29	08:50	18:09
1045	伊藤 結衣	2026-04-29	08:51	19:59
1046	渡辺 蓮	2026-04-29	09:07	19:04
1047	山本 玲奈	2026-04-29	09:04	17:44
1048	中村 花子	2026-04-29	09:26	19:31
1049	小林 翼	2026-04-29	09:11	18:36
1050	加藤 陽菜	2026-04-29	09:31	19:30
1051	吉田 彩	2026-04-29	09:14	17:42
1052	山口 海斗	2026-04-29	08:54	19:22
1053	松本 蒼	2026-04-29	09:35	18:52
1054	井上 拓海	2026-04-29	08:59	17:36
1055	木村 健	2026-04-29	09:11	19:01
1056	林 翔	2026-04-29	09:34	18:20
1057	清水 大輔	2026-04-29	09:29	19:15
1058	山崎 悠	2026-04-29	09:17	18:11
1059	森 葵	2026-04-29	08:54	17:36
1060	池田 愛	2026-04-29	09:32	16:47
1061	佐藤 太郎	2026-04-29	08:44	17:42
1062	鈴木 美咲	2026-04-29	09:13	19:59
1063	高橋 優	2026-04-29	09:05	17:41
1064	田中 直樹	2026-04-29	08:40	19:04
1065	伊藤 結衣	2026-04-29	09:19	18:58
1066	渡辺 蓮	2026-04-29	09:29	19:32
1067	山本 玲奈	2026-04-29	09:14	19:49
1068	中村 花子	2026-04-29	09:03	16:34
1069	小林 翼	2026-04-29	08:56	18:51
1070	加藤 陽菜	2026-04-29	09:00	17:59
1071	吉田 彩	2026-04-29	09:16	18:20
1072	山口 海斗	2026-04-29	09:14	19:39
1073	松本 蒼	2026-04-29	09:34	19:38
1074	井上 拓海	2026-04-29	09:10	19:42
1075	木村 健	2026-04-29	08:51	18:43
1076	林 翔	2026-04-29	09:16	19:11
1077	清水 大輔	2026-04-29	09:10	19:03
1078	山崎 悠	2026-04-29	09:19	19:48
1079	森 葵	2026-04-29	08:44	19:07
1080	池田 愛	2026-04-29	09:05	19:47
1081	佐藤 太郎	2026-04-29	09:12	19:55
1082	鈴木 美咲	2026-04-29	08:42	17:55
1083	高橋 優	2026-04-29	08:56	18:41
1084	田中 直樹	2026-04-29	09:06	18:15
1085	伊藤 結衣	2026-04-29	09:02	19:51
1086	渡辺 蓮	2026-04-29	09:22	17:55
1087	山本 玲奈	2026-04-29	08:52	18:06
1088	中村 花子	2026-04-29	09:31	17:41
1089	小林 翼	2026-04-29	09:05	19:13
1090	加藤 陽菜	2026-04-29	09:24	18:04
1091	吉田 彩	2026-04-29	09:03	18:22
1092	山口 海斗	2026-04-29	09:19	18:17
1093	松本 蒼	2026-04-29	09:33	19:22
1094	井上 拓海	2026-04-29	09:34	18:56
1095	木村 健	2026-04-29	09:06	17:42
1096	林 翔	2026-04-29	08:56	18:30
1097	清水 大輔	2026-04-29	09:33	17:54
1098	山崎 悠	2026-04-29	08:40	18:29
1099	森 葵	2026-04-29	08:52	18:03
1100	池田 愛	2026-04-29	09:08	18:32
1001	佐藤 太郎	2026-04-30	09:11	18:31
1002	鈴木 美咲	2026-04-30	09:33	18:50
1003	高橋 優	2026-04-30	09:07	19:15
1004	田中 直樹	2026-04-30	08:41	17:42
1005	伊藤 結衣	2026-04-30	09:20	18:59
1006	渡辺 蓮	2026-04-30	09:13	19:36
1007	山本 玲奈	2026-04-30	09:07	19:03
1008	中村 花子	2026-04-30	09:18	17:39
1009	小林 翼	2026-04-30	09:34	18:02
1010	加藤 陽菜	2026-04-30	09:10	19:53
1011	吉田 彩	2026-04-30	08:58	19:28
1012	山口 海斗	2026-04-30	09:25	18:27
1013	松本 蒼	2026-04-30	09:08	18:38
1014	井上 拓海	2026-04-30	09:08	18:58
1015	木村 健	2026-04-30	09:08	18:00
1016	林 翔	2026-04-30	09:09	19:15
1017	清水 大輔	2026-04-30	09:31	18:43
1018	山崎 悠	2026-04-30	09:01	17:45
1019	森 葵	2026-04-30	08:51	19:14
1020	池田 愛	2026-04-30	09:32	19:46
1021	佐藤 太郎	2026-04-30	09:33	17:37
1022	鈴木 美咲	2026-04-30	08:50	19:14
1023	高橋 優	2026-04-30	09:14	18:37
1024	田中 直樹	2026-04-30	08:47	19:24
1025	伊藤 結衣	2026-04-30	08:41	19:13
1026	渡辺 蓮	2026-04-30	09:30	17:40
1027	山本 玲奈	2026-04-30	08:55	19:30
1028	中村 花子	2026-04-30	09:12	19:03
1029	小林 翼	2026-04-30	09:32	17:50
1030	加藤 陽菜	2026-04-30	09:04	17:33
1031	吉田 彩	2026-04-30	08:53	19:58
1032	山口 海斗	2026-04-30	09:08	17:50
1033	松本 蒼	2026-04-30	09:02	18:56
1034	井上 拓海	2026-04-30	09:13	19:24
1035	木村 健	2026-04-30	09:12	19:31
1036	林 翔	2026-04-30	09:05	19:53
1037	清水 大輔	2026-04-30	09:03	19:28
1038	山崎 悠	2026-04-30	09:14	19:22
1039	森 葵	2026-04-30	08:52	17:45
1040	池田 愛	2026-04-30	08:45	19:30
1041	佐藤 太郎	2026-04-30	08:54	17:54
1042	鈴木 美咲	2026-04-30	09:10	19:00
1043	高橋 優	2026-04-30	09:18	19:27
1044	田中 直樹	2026-04-30	09:09	17:32
1045	伊藤 結衣	2026-04-30	09:27	19:40
1046	渡辺 蓮	2026-04-30	09:10	18:40
1047	山本 玲奈	2026-04-30	09:00	18:26
1048	中村 花子	2026-04-30	09:07	19:42
1049	小林 翼	2026-04-30	09:08	18:06
1050	加藤 陽菜	2026-04-30	09:23	19:31
1051	吉田 彩	2026-04-30	09:12	18:05
1052	山口 海斗	2026-04-30	08:49	17:46
1053	松本 蒼	2026-04-30	08:54	18:14
1054	井上 拓海	2026-04-30	08:45	16:47
1055	木村 健	2026-04-30	09:34	18:58
1056	林 翔	2026-04-30	09:17	17:42
1057	清水 大輔	2026-04-30	08:48	18:16
1058	山崎 悠	2026-04-30	08:42	18:02
1059	森 葵	2026-04-30	08:47	16:45
1060	池田 愛	2026-04-30	09:04	18:15
1061	佐藤 太郎	2026-04-30	08:43	19:45
1062	鈴木 美咲	2026-04-30	08:40	18:42
1063	高橋 優	2026-04-30	09:18	18:58
1064	田中 直樹	2026-04-30	09:26	18:45
1065	伊藤 結衣	2026-04-30	09:00	18:23
1066	渡辺 蓮	2026-04-30	08:43	17:58
1067	山本 玲奈	2026-04-30	09:32	18:43
1068	中村 花子	2026-04-30	08:52	18:58
1069	小林 翼	2026-04-30	09:06	18:29
1070	加藤 陽菜	2026-04-30	08:42	18:03
1071	吉田 彩	2026-04-30	09:21	18:08
1072	山口 海斗	2026-04-30	09:25	19:27
1073	松本 蒼	2026-04-30	09:28	19:18
1074	井上 拓海	2026-04-30	08:56	18:12
1075	木村 健	2026-04-30	09:00	19:36
1076	林 翔	2026-04-30	09:29	17:00
1077	清水 大輔	2026-04-30	09:23	18:49
1078	山崎 悠	2026-04-30	09:19	18:24
1079	森 葵	2026-04-30	09:07	18:49
1080	池田 愛	2026-04-30	08:44	19:29
1081	佐藤 太郎	2026-04-30	09:07	19:21
1082	鈴木 美咲	2026-04-30	09:35	18:43
1083	高橋 優	2026-04-30	08:47	19:31
1084	田中 直樹	2026-04-30	08:48	18:13
1085	伊藤 結衣	2026-04-30	08:47	18:27
1086	渡辺 蓮	2026-04-30	08:40	19:05
1087	山本 玲奈	2026-04-30	09:30	17:40
1088	中村 花子	2026-04-30	08:49	19:55
1089	小林 翼	2026-04-30	09:22	18:54
1090	加藤 陽菜	2026-04-30	08:45	18:04
1091	吉田 彩	2026-04-30	09:24	18:50
1092	山口 海斗	2026-04-30	08:41	18:09
1093	松本 蒼	2026-04-30	08:51	18:31
1094	井上 拓海	2026-04-30	09:04	18:58
1095	木村 健	2026-04-30	08:52	17:53
1096	林 翔	2026-04-30	08:41	19:09
1097	清水 大輔	2026-04-30	09:33	17:50
1098	山崎 悠	2026-04-30	09:25	19:40
1099	森 葵	2026-04-30	08:52	19:46
1100	池田 愛	2026-04-30	09:25	18:33
